ECO,SITE,STAND,HAB,HAB_ST,TREE.NO,TREE.SP,SAMPLE,Aphaenogaster_fulva,Aphaenogaster_mariae,Aphaenogaster_picea,Aphaenogaster_rudis,Aphaenogaster_tennesseensis,Brachymyrmex_depilis,Camponotus_americanus,Camponotus_caryae,Camponotus_chromaoides,Camponotus_nearctica,Camponotus_pennsylvanicus,Camponotus_subbarbatus,Colobopsis_impressa,Crematogaster_cerasi,Formica_palidefulva,Formica_subsericea,Lasius_americanus,Nylanderia_faisonensis,Prenolepis_imparis,Tapinoma_sessile,Temnothorax_curvispinosus,Temnothorax_longispinosus,Temnothorax_schaumii
NCTP,BR,F,M,BR_F_M,1,Hickory,1,0,0,0,0,0,0,0,0,0,0,2,0,0,0,0,0,0,0,0,0,0,0,0
NCTP,BR,F,M,BR_F_M,1,Hickory,2,0,0,0,0,0,0,0,0,0,0,0,0,0,0,0,0,0,0,0,0,0,0,0
NCTP,BR,F,M,BR_F_M,1,Hickory,3,0,0,0,0,0,0,0,0,0,0,0,0,0,0,0,0,0,0,0,0,0,0,0
NCTP,BR,F,M,BR_F_M,1,Hickory,4,0,0,0,0,0,0,0,0,2,0,0,0,0,0,0,0,0,0,0,0,0,0,0
NCTP,BR,F,M,BR_F_M,1,Hickory,5,0,0,0,0,0,0,0,0,5,0,0,0,0,0,0,0,1,0,0,0,0,0,1
NCTP,BR,F,M,BR_F_M,1,Hickory,6,0,0,0,0,0,0,0,0,0,0,1,0,0,0,0,0,0,0,0,0,0,0,0
NCTP,BR,F,M,BR_F_M,1,Hickory,7,0,0,0,0,0,0,0,0,0,0,3,0,0,0,0,0,0,0,0,0,0,0,0
NCTP,BR,F,M,BR_F_M,1,Hickory,8,0,0,0,0,0,0,0,0,0,0,0,0,0,0,0,0,0,0,0,0,0,0,0
NCTP,BR,F,M,BR_F_M,1,Hickory,9,0,0,0,0,0,0,0,0,0,0,0,0,0,0,0,0,0,0,0,0,0,0,0
NCTP,BR,F,M,BR_F_M,1,Hickory,10,0,0,0,0,0,0,0,0,0,0,0,0,0,0,0,0,0,0,0,0,0,0,0
NCTP,BR,F,M,BR_F_M,1,Hickory,11,0,0,0,0,0,0,0,0,0,0,15,0,0,0,0,0,0,0,0,0,0,0,1
NCTP,BR,F,M,BR_F_M,1,Hickory,12,0,0,0,0,0,0,0,0,0,0,1,0,0,1,0,0,0,0,0,0,0,0,0
NCTP,BR,F,M,BR_F_M,2,Maple,1,0,0,0,1,0,0,0,0,0,4,0,0,0,0,0,0,0,0,0,0,0,0,0
NCTP,BR,F,M,BR_F_M,2,Maple,2,0,0,0,0,0,0,0,0,0,0,0,0,0,0,0,0,0,0,0,0,4,0,0
NCTP,BR,F,M,BR_F_M,2,Maple,3,0,0,0,0,0,0,0,0,0,0,0,0,0,0,0,0,0,0,0,0,0,0,0
NCTP,BR,F,M,BR_F_M,2,Maple,4,0,0,0,0,0,0,0,0,0,0,0,0,0,0,0,0,0,0,0,0,0,0,0
NCTP,BR,F,M,BR_F_M,2,Maple,5,0,0,0,0,0,0,0,0,0,0,0,0,0,0,0,0,0,0,0,0,0,0,0
NCTP,BR,F,M,BR_F_M,2,Maple,6,0,0,0,0,0,0,0,0,0,0,0,0,0,0,0,0,0,0,0,0,0,0,0
NCTP,BR,F,M,BR_F_M,2,Maple,7,0,0,0,0,0,0,0,0,0,0,0,0,0,0,0,0,2,0,0,0,0,0,0
NCTP,BR,F,M,BR_F_M,2,Maple,8,0,0,0,0,0,0,0,0,2,0,0,0,0,0,0,0,0,0,0,0,0,0,0
NCTP,BR,F,M,BR_F_M,2,Maple,9,0,0,0,0,0,0,0,0,0,0,0,0,0,0,0,0,0,0,0,0,0,0,0
NCTP,BR,F,M,BR_F_M,2,Maple,10,0,0,0,0,0,0,0,0,0,0,0,0,0,0,0,0,1,0,0,0,0,0,0
NCTP,BR,F,M,BR_F_M,2,Maple,11,0,0,0,0,0,0,0,0,0,0,0,0,0,0,0,0,0,0,0,0,0,0,0
NCTP,BR,F,M,BR_F_M,2,Maple,12,0,0,0,0,0,0,0,0,0,0,0,0,0,0,0,0,0,0,0,0,0,0,0
NCTP,BR,F,M,BR_F_M,3,Maple,1,0,0,0,0,0,0,0,0,0,0,0,0,0,0,0,0,0,0,0,0,0,0,0
NCTP,BR,F,M,BR_F_M,3,Maple,2,0,0,0,0,0,0,0,0,0,0,0,0,0,0,0,0,0,0,0,0,0,0,0
NCTP,BR,F,M,BR_F_M,3,Maple,3,0,0,0,0,0,0,0,0,0,0,0,0,0,0,0,0,0,0,0,0,0,0,0
NCTP,BR,F,M,BR_F_M,3,Maple,4,0,0,0,0,0,0,0,0,0,0,0,0,0,0,0,0,0,0,0,0,0,0,0
NCTP,BR,F,M,BR_F_M,3,Maple,5,0,0,0,0,0,0,0,0,0,0,0,0,0,0,0,0,0,0,0,0,0,0,0
NCTP,BR,F,M,BR_F_M,3,Maple,6,0,0,0,0,0,0,0,0,0,0,0,0,0,0,0,0,0,0,0,0,0,0,0
NCTP,BR,F,M,BR_F_M,3,Maple,7,0,0,0,0,0,0,0,0,0,0,0,0,0,0,0,0,0,0,0,0,0,0,0
NCTP,BR,F,M,BR_F_M,3,Maple,8,0,0,0,0,0,0,0,0,0,1,0,0,0,0,0,0,0,0,0,0,0,0,0
NCTP,BR,F,M,BR_F_M,3,Maple,9,0,0,0,0,0,0,0,0,0,0,0,0,0,0,0,0,0,0,0,0,0,0,0
NCTP,BR,F,M,BR_F_M,3,Maple,10,0,0,0,0,0,0,0,0,0,0,0,0,0,0,0,0,0,0,0,0,0,0,0
NCTP,BR,F,M,BR_F_M,3,Maple,11,0,0,0,0,0,0,0,0,0,0,0,0,0,0,0,0,0,0,0,0,0,0,0
NCTP,BR,F,M,BR_F_M,3,Maple,12,0,0,0,0,0,0,0,0,0,1,0,0,0,0,0,0,0,0,0,0,0,0,0
NCTP,BR,F,M,BR_F_M,4,Sycamore,1,0,0,0,0,0,0,0,0,0,0,0,0,0,0,0,0,0,0,1,0,0,0,0
NCTP,BR,F,M,BR_F_M,4,Sycamore,2,0,0,0,0,0,0,0,0,0,0,1,0,0,0,0,0,4,0,1,0,0,0,0
NCTP,BR,F,M,BR_F_M,4,Sycamore,3,0,0,0,0,0,0,0,0,0,0,0,0,0,0,0,0,1,0,3,0,0,0,0
NCTP,BR,F,M,BR_F_M,4,Sycamore,4,0,0,0,0,0,0,0,0,0,0,0,0,0,0,0,0,0,0,2,0,0,0,0
NCTP,BR,F,M,BR_F_M,4,Sycamore,5,0,0,0,0,0,0,0,0,0,0,0,0,0,0,0,0,1,0,2,0,0,0,0
NCTP,BR,F,M,BR_F_M,4,Sycamore,6,0,0,0,0,0,0,0,0,0,0,0,0,0,0,0,0,4,0,0,0,0,0,0
NCTP,BR,F,M,BR_F_M,4,Sycamore,7,0,0,0,0,0,0,0,0,0,0,0,0,0,0,0,0,3,0,2,0,0,0,0
NCTP,BR,F,M,BR_F_M,4,Sycamore,8,0,0,0,0,0,0,0,0,0,0,0,0,0,0,0,0,0,0,1,0,0,0,0
NCTP,BR,F,M,BR_F_M,4,Sycamore,9,0,0,0,0,0,0,0,0,0,1,0,0,0,0,0,0,2,0,1,0,0,0,0
NCTP,BR,F,M,BR_F_M,4,Sycamore,10,0,0,0,0,0,0,0,0,0,0,0,0,0,0,0,0,11,0,2,0,0,0,0
NCTP,BR,F,M,BR_F_M,4,Sycamore,11,0,0,0,0,0,0,0,0,0,0,0,0,0,0,0,0,0,0,1,0,0,0,0
NCTP,BR,F,M,BR_F_M,4,Sycamore,12,0,0,0,0,0,0,0,0,0,0,0,0,0,0,0,0,2,0,1,0,0,0,0
NCTP,BR,F,X,BR_F_X,5,Ash,1,0,0,0,0,0,0,0,0,1,1,0,0,0,0,0,0,0,0,0,0,0,0,0
NCTP,BR,F,X,BR_F_X,5,Ash,2,0,0,0,0,0,0,0,0,1,0,0,0,0,0,0,0,0,0,0,0,0,0,0
NCTP,BR,F,X,BR_F_X,5,Ash,3,0,0,0,0,0,0,0,0,0,0,0,0,0,0,0,0,0,0,0,0,0,0,0
NCTP,BR,F,X,BR_F_X,5,Ash,4,0,0,0,0,0,0,0,0,0,2,0,0,0,0,0,0,0,0,0,0,0,0,0
NCTP,BR,F,X,BR_F_X,5,Ash,5,0,0,0,0,0,0,0,0,1,0,0,0,1,0,0,0,0,0,0,0,0,0,0
NCTP,BR,F,X,BR_F_X,5,Ash,6,0,0,0,0,0,0,0,0,0,0,0,0,0,0,0,0,0,0,0,0,0,0,0
NCTP,BR,F,X,BR_F_X,5,Ash,7,0,0,0,0,0,0,0,0,2,0,0,0,1,0,0,0,0,0,0,0,0,0,0
NCTP,BR,F,X,BR_F_X,5,Ash,8,0,0,0,0,0,0,0,0,0,1,0,0,0,0,0,0,0,0,0,0,0,0,0
NCTP,BR,F,X,BR_F_X,5,Ash,9,0,0,0,0,0,0,0,0,1,0,0,0,0,0,0,0,1,0,0,0,0,0,0
NCTP,BR,F,X,BR_F_X,5,Ash,10,0,0,0,0,0,0,0,0,1,0,0,0,0,0,0,0,0,0,0,0,0,0,0
NCTP,BR,F,X,BR_F_X,5,Ash,11,0,0,0,0,0,0,0,0,1,0,0,0,0,0,0,0,0,0,0,0,1,0,0
NCTP,BR,F,X,BR_F_X,5,Ash,12,0,0,0,0,0,0,0,0,1,0,0,0,0,0,0,0,0,0,0,0,0,0,0
NCTP,BR,F,X,BR_F_X,6,Maple,1,0,0,0,0,0,0,0,0,0,0,0,0,0,0,0,0,0,0,1,0,0,0,0
NCTP,BR,F,X,BR_F_X,6,Maple,2,0,0,0,0,0,0,0,0,0,5,0,0,0,0,0,0,0,0,0,0,0,0,0
NCTP,BR,F,X,BR_F_X,6,Maple,3,0,0,0,0,0,0,0,0,0,0,0,0,0,0,0,0,0,0,0,0,0,0,0
NCTP,BR,F,X,BR_F_X,6,Maple,4,0,0,0,0,0,0,0,0,0,0,0,0,0,0,0,0,0,0,0,0,0,0,0
NCTP,BR,F,X,BR_F_X,6,Maple,5,0,0,0,0,0,0,0,0,0,1,0,0,0,0,0,0,0,0,0,0,0,0,0
NCTP,BR,F,X,BR_F_X,6,Maple,6,0,0,0,0,0,0,0,0,0,0,0,0,0,0,0,0,0,0,1,0,0,0,0
NCTP,BR,F,X,BR_F_X,6,Maple,7,0,0,0,0,0,0,0,0,0,0,0,0,0,0,0,0,0,0,0,0,0,0,0
NCTP,BR,F,X,BR_F_X,6,Maple,8,0,0,0,0,0,0,0,0,0,1,0,0,0,0,0,0,0,0,0,0,0,0,0
NCTP,BR,F,X,BR_F_X,6,Maple,9,0,0,0,0,0,0,0,0,0,0,0,0,0,0,0,0,0,0,0,0,0,0,0
NCTP,BR,F,X,BR_F_X,6,Maple,10,0,0,0,0,0,0,0,0,0,9,1,0,0,0,0,0,0,0,2,0,0,0,0
NCTP,BR,F,X,BR_F_X,6,Maple,11,0,0,0,0,0,0,0,0,0,0,0,0,0,0,0,0,1,0,0,0,0,0,0
NCTP,BR,F,X,BR_F_X,6,Maple,12,0,0,0,0,0,0,0,0,0,2,0,0,0,0,0,0,0,0,0,0,0,0,0
NCTP,BR,F,X,BR_F_X,7,Red Oak,1,0,0,0,0,0,0,0,0,0,0,1,0,0,0,0,0,0,0,1,0,0,0,0
NCTP,BR,F,X,BR_F_X,7,Red Oak,2,0,0,0,0,0,0,0,0,0,0,0,0,0,0,0,0,0,0,0,0,0,0,0
NCTP,BR,F,X,BR_F_X,7,Red Oak,3,0,0,0,0,0,0,0,0,0,0,1,0,0,0,0,0,0,0,0,0,0,0,0
NCTP,BR,F,X,BR_F_X,7,Red Oak,4,0,0,0,0,0,0,0,0,0,0,0,0,0,0,0,0,0,0,0,0,0,0,0
NCTP,BR,F,X,BR_F_X,7,Red Oak,5,0,0,0,0,0,0,0,0,0,0,1,0,0,0,0,0,0,0,0,0,0,0,0
NCTP,BR,F,X,BR_F_X,7,Red Oak,6,0,0,0,0,0,0,0,0,0,0,0,0,0,0,0,0,0,0,0,0,0,0,0
NCTP,BR,F,X,BR_F_X,7,Red Oak,7,0,0,0,0,0,0,0,0,0,0,0,0,0,0,0,0,0,0,0,0,0,0,0
NCTP,BR,F,X,BR_F_X,7,Red Oak,8,0,0,0,0,0,0,0,0,0,0,0,0,0,0,0,0,1,0,0,0,0,0,0
NCTP,BR,F,X,BR_F_X,7,Red Oak,9,0,0,0,0,0,0,0,0,0,0,0,0,0,0,0,0,0,0,0,0,0,0,0
NCTP,BR,F,X,BR_F_X,7,Red Oak,10,0,0,0,0,0,0,0,0,0,0,0,0,0,0,0,0,0,0,0,0,0,0,0
NCTP,BR,F,X,BR_F_X,7,Red Oak,11,0,0,0,0,0,0,0,0,0,0,0,0,0,0,0,0,0,0,0,0,0,0,0
NCTP,BR,F,X,BR_F_X,7,Red Oak,12,0,0,0,0,0,0,0,0,0,0,0,0,0,0,0,0,0,0,0,0,0,0,0
NCTP,BR,F,X,BR_F_X,8,Red Oak,1,0,0,0,0,0,0,0,0,0,1,1,0,0,0,0,0,0,0,0,0,0,0,0
NCTP,BR,F,X,BR_F_X,8,Red Oak,2,0,0,0,0,0,0,0,0,1,0,0,0,0,0,0,0,0,0,0,0,0,0,0
NCTP,BR,F,X,BR_F_X,8,Red Oak,3,0,0,0,0,0,0,0,0,1,0,0,0,0,0,0,0,1,0,0,0,0,0,0
NCTP,BR,F,X,BR_F_X,8,Red Oak,4,0,0,0,0,0,0,0,0,0,0,0,0,0,0,0,0,0,0,0,0,0,0,0
NCTP,BR,F,X,BR_F_X,8,Red Oak,5,0,0,0,0,0,0,0,0,1,0,0,0,0,0,0,0,0,0,0,0,0,0,0
NCTP,BR,F,X,BR_F_X,8,Red Oak,6,0,0,0,0,0,0,0,0,0,0,0,0,0,0,0,0,0,0,0,0,0,0,0
NCTP,BR,F,X,BR_F_X,8,Red Oak,7,0,0,0,0,0,0,0,0,0,0,1,0,0,0,0,0,0,0,0,0,0,0,0
NCTP,BR,F,X,BR_F_X,8,Red Oak,8,0,0,0,0,0,0,0,0,0,0,0,0,0,0,0,0,0,0,0,0,0,0,0
NCTP,BR,F,X,BR_F_X,8,Red Oak,9,0,0,0,0,0,0,0,0,0,0,0,0,0,0,0,0,0,0,0,0,0,0,0
NCTP,BR,F,X,BR_F_X,8,Red Oak,10,0,0,0,0,0,0,0,0,1,0,0,0,0,0,0,0,0,0,0,0,0,0,0
NCTP,BR,F,X,BR_F_X,8,Red Oak,11,0,0,0,0,0,0,0,0,1,0,0,0,0,0,0,0,0,0,0,0,0,0,0
NCTP,BR,F,X,BR_F_X,8,Red Oak,12,0,0,0,0,0,0,0,0,0,0,0,0,0,0,0,0,0,0,0,0,0,0,0
NCTP,BR,N,M,BR_N_M,9,Hackberry,1,0,0,0,0,0,0,0,0,0,0,0,0,0,0,0,0,2,0,0,0,0,0,0
NCTP,BR,N,M,BR_N_M,9,Hackberry,2,0,0,0,0,0,0,0,0,0,0,0,0,0,0,0,0,0,0,1,0,0,0,0
NCTP,BR,N,M,BR_N_M,9,Hackberry,3,0,0,0,0,0,0,0,0,0,0,0,0,0,0,0,0,0,0,15,0,0,0,0
NCTP,BR,N,M,BR_N_M,9,Hackberry,4,0,0,0,0,0,0,0,0,0,0,0,0,0,0,0,0,0,0,4,0,0,0,0
NCTP,BR,N,M,BR_N_M,9,Hackberry,5,0,0,0,0,0,0,0,0,0,0,0,0,0,0,0,0,0,0,4,0,0,0,0
NCTP,BR,N,M,BR_N_M,9,Hackberry,6,0,0,0,0,0,0,0,0,0,0,0,0,0,0,0,0,0,0,0,0,0,0,0
NCTP,BR,N,M,BR_N_M,9,Hackberry,7,0,0,0,0,0,0,0,0,0,0,1,0,0,0,0,0,0,0,3,0,0,0,0
NCTP,BR,N,M,BR_N_M,9,Hackberry,8,0,0,0,0,0,0,0,0,0,0,0,0,0,0,0,0,1,0,0,0,0,0,0
NCTP,BR,N,M,BR_N_M,9,Hackberry,9,0,0,0,0,0,0,0,0,0,0,0,0,0,0,0,0,6,0,3,0,0,0,0
NCTP,BR,N,M,BR_N_M,9,Hackberry,10,0,0,0,0,0,0,0,0,0,0,0,0,0,0,0,0,0,0,1,0,0,0,0
NCTP,BR,N,M,BR_N_M,9,Hackberry,11,0,0,0,0,0,0,0,0,0,0,0,0,0,0,0,0,1,0,1,0,0,0,0
NCTP,BR,N,M,BR_N_M,9,Hackberry,12,0,0,0,0,0,0,0,0,0,0,0,0,0,0,0,0,0,0,0,0,0,0,0
NCTP,BR,N,M,BR_N_M,10,Maple,1,0,0,0,0,0,0,0,0,0,4,0,0,0,0,0,0,1,0,0,0,0,0,0
NCTP,BR,N,M,BR_N_M,10,Maple,2,0,0,0,0,0,0,0,0,0,1,0,0,0,0,0,0,1,0,0,0,0,0,0
NCTP,BR,N,M,BR_N_M,10,Maple,3,0,0,0,0,0,0,0,0,0,0,0,0,0,0,0,0,0,0,0,0,0,0,0
NCTP,BR,N,M,BR_N_M,10,Maple,4,0,0,0,0,0,0,0,0,0,2,0,0,0,0,0,0,0,0,0,0,0,0,0
NCTP,BR,N,M,BR_N_M,10,Maple,5,0,0,0,0,0,0,0,0,0,1,0,0,0,0,0,0,0,0,0,0,0,0,0
NCTP,BR,N,M,BR_N_M,10,Maple,6,0,0,0,0,0,0,0,0,0,1,0,0,0,0,0,0,0,0,0,0,0,0,0
NCTP,BR,N,M,BR_N_M,10,Maple,7,0,0,0,0,0,0,0,0,0,0,0,0,0,0,0,0,0,0,0,0,0,0,0
NCTP,BR,N,M,BR_N_M,10,Maple,8,0,0,0,0,0,0,0,0,0,1,0,0,0,0,0,0,0,0,0,0,0,0,0
NCTP,BR,N,M,BR_N_M,10,Maple,9,0,0,0,0,0,0,0,0,0,3,1,0,0,0,0,0,0,0,0,0,0,0,0
NCTP,BR,N,M,BR_N_M,10,Maple,10,0,0,0,0,0,0,0,0,0,2,0,0,0,0,0,0,0,0,0,0,0,0,0
NCTP,BR,N,M,BR_N_M,10,Maple,11,0,0,0,0,0,0,0,0,2,1,0,0,0,0,0,0,0,0,0,0,0,0,0
NCTP,BR,N,M,BR_N_M,10,Maple,12,0,0,0,0,0,0,0,0,0,2,0,0,0,0,0,0,0,0,0,0,0,0,0
NCTP,BR,N,M,BR_N_M,11,Maple,1,0,0,0,0,0,0,0,0,0,0,0,0,0,0,0,0,1,0,2,0,0,0,0
NCTP,BR,N,M,BR_N_M,11,Maple,2,0,0,0,0,0,0,0,0,0,0,0,0,0,0,0,0,2,0,8,0,0,0,0
NCTP,BR,N,M,BR_N_M,11,Maple,3,0,0,0,0,0,0,0,0,0,0,0,0,0,0,0,0,0,0,3,0,1,0,0
NCTP,BR,N,M,BR_N_M,11,Maple,4,0,0,0,0,0,0,0,0,1,0,0,0,0,0,0,1,6,0,9,0,0,0,0
NCTP,BR,N,M,BR_N_M,11,Maple,5,0,0,0,0,0,0,0,0,0,0,0,0,0,0,0,0,3,0,3,0,0,0,0
NCTP,BR,N,M,BR_N_M,11,Maple,6,0,0,0,0,0,0,0,0,0,0,0,0,0,0,0,0,1,0,0,0,0,0,0
NCTP,BR,N,M,BR_N_M,11,Maple,7,0,0,0,0,0,0,0,0,0,0,0,0,0,0,0,0,2,0,3,0,0,0,0
NCTP,BR,N,M,BR_N_M,11,Maple,8,0,0,1,0,0,0,0,0,0,2,0,0,0,0,0,0,5,0,9,0,0,0,0
NCTP,BR,N,M,BR_N_M,11,Maple,9,0,0,0,0,0,0,0,0,0,0,0,0,0,0,0,0,0,0,22,0,0,0,0
NCTP,BR,N,M,BR_N_M,11,Maple,10,0,0,0,0,0,0,0,0,0,1,0,0,0,0,0,0,1,0,15,0,0,0,0
NCTP,BR,N,M,BR_N_M,11,Maple,11,0,0,0,0,0,0,0,0,0,0,0,0,0,0,0,0,1,0,6,0,0,0,0
NCTP,BR,N,M,BR_N_M,11,Maple,12,0,0,0,0,0,0,0,0,0,0,0,0,0,0,0,0,0,0,1,0,0,0,0
NCTP,BR,N,M,BR_N_M,12,Walnut,1,0,1,0,0,0,0,0,0,0,0,0,0,0,0,0,0,1,0,0,0,0,0,0
NCTP,BR,N,M,BR_N_M,12,Walnut,2,0,0,0,0,0,0,0,0,0,1,0,0,0,0,0,0,4,0,0,0,0,0,1
NCTP,BR,N,M,BR_N_M,12,Walnut,3,0,0,0,0,0,0,0,0,1,2,0,0,0,0,0,0,1,0,0,0,0,0,0
NCTP,BR,N,M,BR_N_M,12,Walnut,4,0,0,0,0,0,0,0,0,0,0,0,0,0,0,0,0,0,0,0,0,0,0,0
NCTP,BR,N,M,BR_N_M,12,Walnut,5,0,0,0,0,0,0,0,0,0,1,0,0,0,0,0,0,0,0,0,0,0,0,0
NCTP,BR,N,M,BR_N_M,12,Walnut,6,0,0,0,0,0,0,0,0,0,0,0,0,0,0,0,0,0,0,0,0,0,0,0
NCTP,BR,N,M,BR_N_M,12,Walnut,7,0,0,0,0,0,0,0,0,0,0,0,0,0,0,0,0,2,0,0,0,0,0,0
NCTP,BR,N,M,BR_N_M,12,Walnut,8,0,0,0,0,0,0,0,0,0,0,0,0,0,0,0,0,0,0,0,0,0,0,0
NCTP,BR,N,M,BR_N_M,12,Walnut,9,0,0,0,0,0,0,0,0,0,1,0,0,0,0,0,0,4,0,0,0,0,0,0
NCTP,BR,N,M,BR_N_M,12,Walnut,10,0,0,0,0,0,0,0,0,0,0,0,0,0,0,0,0,3,0,0,0,0,0,0
NCTP,BR,N,M,BR_N_M,12,Walnut,11,0,0,0,0,0,0,0,0,0,0,0,0,0,0,0,0,0,0,0,0,0,0,0
NCTP,BR,N,M,BR_N_M,12,Walnut,12,0,0,0,0,0,0,0,0,0,0,0,0,0,0,0,0,0,0,0,0,0,0,0
NCTP,BR,N,X,BR_N_X,13,Hickory,1,0,0,0,0,0,0,0,0,0,0,0,0,0,0,0,0,1,0,0,0,0,0,0
NCTP,BR,N,X,BR_N_X,13,Hickory,2,0,0,0,0,0,0,0,0,0,0,0,0,0,0,0,0,1,0,0,0,0,0,0
NCTP,BR,N,X,BR_N_X,13,Hickory,3,0,0,0,0,0,0,0,2,0,1,0,0,0,0,1,0,4,0,0,0,0,0,0
NCTP,BR,N,X,BR_N_X,13,Hickory,4,0,0,0,0,0,0,0,6,0,1,0,0,0,1,0,0,2,0,0,0,0,0,0
NCTP,BR,N,X,BR_N_X,13,Hickory,5,0,0,0,0,0,0,0,0,0,0,0,0,0,0,0,0,1,0,0,0,0,0,0
NCTP,BR,N,X,BR_N_X,13,Hickory,6,0,0,0,0,0,0,0,0,0,0,0,0,0,1,0,0,2,0,0,0,0,0,0
NCTP,BR,N,X,BR_N_X,13,Hickory,7,0,0,0,0,0,0,0,2,0,1,0,0,0,0,0,0,1,0,0,0,0,0,0
NCTP,BR,N,X,BR_N_X,13,Hickory,8,0,0,0,0,0,0,0,0,0,0,0,0,0,0,0,0,2,0,0,0,0,0,0
NCTP,BR,N,X,BR_N_X,13,Hickory,9,0,0,0,0,0,0,0,1,0,1,0,0,0,1,0,0,1,0,0,0,0,0,0
NCTP,BR,N,X,BR_N_X,13,Hickory,10,0,0,0,0,0,0,0,2,0,0,0,0,0,0,0,0,4,0,0,0,0,0,0
NCTP,BR,N,X,BR_N_X,13,Hickory,11,0,0,0,0,0,0,0,1,0,0,0,2,0,1,0,0,3,0,0,0,0,0,0
NCTP,BR,N,X,BR_N_X,13,Hickory,12,0,0,0,0,0,0,0,1,0,0,0,0,0,0,0,0,5,0,0,0,0,0,0
NCTP,BR,N,X,BR_N_X,14,Maple,1,0,0,0,0,0,0,0,0,0,1,2,0,0,0,0,0,0,0,0,0,0,0,0
NCTP,BR,N,X,BR_N_X,14,Maple,2,0,0,0,1,0,0,0,0,0,0,0,0,0,0,0,0,0,0,0,0,0,0,0
NCTP,BR,N,X,BR_N_X,14,Maple,3,0,0,0,0,0,0,0,0,0,0,0,0,0,0,0,0,0,0,0,0,0,0,0
NCTP,BR,N,X,BR_N_X,14,Maple,4,0,0,0,0,0,0,0,0,0,1,0,0,0,0,0,0,0,0,0,0,0,0,0
NCTP,BR,N,X,BR_N_X,14,Maple,5,0,0,0,0,0,0,0,0,0,0,0,1,0,0,0,0,0,0,0,0,0,0,0
NCTP,BR,N,X,BR_N_X,14,Maple,6,0,0,0,0,0,0,0,0,0,0,0,0,0,0,0,0,0,0,0,0,0,0,0
NCTP,BR,N,X,BR_N_X,14,Maple,7,0,0,0,0,0,0,0,0,0,0,0,0,0,0,0,0,0,0,0,0,0,0,0
NCTP,BR,N,X,BR_N_X,14,Maple,8,0,0,0,0,0,0,0,0,0,0,0,0,0,0,0,0,0,0,0,0,0,0,0
NCTP,BR,N,X,BR_N_X,14,Maple,9,0,0,0,0,0,0,0,0,0,1,0,0,0,0,0,0,0,0,0,0,0,0,0
NCTP,BR,N,X,BR_N_X,14,Maple,10,0,0,0,0,0,0,0,0,0,0,0,0,0,0,0,0,0,0,0,0,0,0,0
NCTP,BR,N,X,BR_N_X,14,Maple,11,0,0,0,0,0,0,0,0,2,0,0,0,0,0,0,0,0,0,0,0,0,0,0
NCTP,BR,N,X,BR_N_X,14,Maple,12,0,0,0,0,0,0,0,0,0,1,0,0,0,0,0,0,0,0,0,0,0,0,0
NCTP,BR,N,X,BR_N_X,15,Red Oak,1,0,0,0,0,0,0,0,0,0,0,0,0,0,1,0,0,0,0,0,0,0,0,0
NCTP,BR,N,X,BR_N_X,15,Red Oak,2,0,0,0,0,0,0,0,0,0,0,0,0,0,0,0,0,0,0,0,0,0,0,0
NCTP,BR,N,X,BR_N_X,15,Red Oak,3,0,0,0,0,0,0,0,0,0,0,0,0,0,0,0,0,0,0,0,0,0,0,0
NCTP,BR,N,X,BR_N_X,15,Red Oak,4,0,0,0,0,0,0,0,0,0,0,1,0,0,0,0,0,0,0,0,0,0,0,0
NCTP,BR,N,X,BR_N_X,15,Red Oak,5,0,0,0,0,0,0,0,0,0,0,0,0,0,0,0,0,0,0,0,0,0,0,0
NCTP,BR,N,X,BR_N_X,15,Red Oak,6,0,0,0,0,0,0,0,0,0,0,0,0,0,0,0,0,0,0,0,0,0,0,0
NCTP,BR,N,X,BR_N_X,15,Red Oak,7,0,0,0,1,0,0,0,0,1,0,0,0,0,1,0,0,0,0,0,0,0,0,0
NCTP,BR,N,X,BR_N_X,15,Red Oak,8,0,0,0,0,0,0,0,0,0,0,0,0,0,0,0,0,0,0,0,0,0,0,0
NCTP,BR,N,X,BR_N_X,15,Red Oak,9,0,0,0,0,0,0,0,0,0,1,0,0,0,1,0,0,0,0,0,0,0,0,0
NCTP,BR,N,X,BR_N_X,15,Red Oak,10,0,0,0,0,0,0,0,0,0,0,0,0,0,1,0,0,0,0,0,0,0,0,0
NCTP,BR,N,X,BR_N_X,15,Red Oak,11,0,0,0,0,0,0,0,0,0,1,0,0,0,0,0,0,0,0,0,0,0,0,0
NCTP,BR,N,X,BR_N_X,15,Red Oak,12,0,0,0,0,0,0,0,0,0,0,0,0,0,1,0,0,1,0,0,0,0,0,0
NCTP,BR,N,X,BR_N_X,16,White Oak,1,0,0,0,0,0,0,0,0,0,0,0,0,0,0,0,0,2,0,0,0,0,0,0
NCTP,BR,N,X,BR_N_X,16,White Oak,2,0,0,0,0,0,0,0,0,0,2,0,0,0,0,0,0,0,0,0,0,0,0,0
NCTP,BR,N,X,BR_N_X,16,White Oak,3,0,0,0,0,0,0,1,0,0,3,0,0,0,0,0,0,0,0,0,0,0,0,0
NCTP,BR,N,X,BR_N_X,16,White Oak,4,0,0,0,0,0,0,0,0,0,2,0,0,0,0,0,0,0,0,0,0,0,0,0
NCTP,BR,N,X,BR_N_X,16,White Oak,5,0,0,0,0,0,0,0,0,0,1,1,0,0,0,0,0,0,0,0,0,0,0,0
NCTP,BR,N,X,BR_N_X,16,White Oak,6,0,0,0,0,0,0,0,0,0,1,0,0,0,0,0,0,0,0,0,0,0,0,0
NCTP,BR,N,X,BR_N_X,16,White Oak,7,0,0,0,0,0,0,0,0,0,0,0,0,0,0,0,0,0,0,0,0,0,0,0
NCTP,BR,N,X,BR_N_X,16,White Oak,8,0,0,0,0,0,0,0,0,0,3,2,0,0,0,0,0,0,0,0,0,0,0,0
NCTP,BR,N,X,BR_N_X,16,White Oak,9,0,0,0,0,0,0,0,0,0,0,0,0,0,0,0,0,1,0,0,0,0,0,0
NCTP,BR,N,X,BR_N_X,16,White Oak,10,0,0,0,0,0,0,0,0,0,0,0,0,0,0,0,0,0,0,0,0,0,0,0
NCTP,BR,N,X,BR_N_X,16,White Oak,11,0,0,0,0,0,0,0,0,0,1,0,0,0,0,0,0,0,0,0,0,0,0,0
NCTP,BR,N,X,BR_N_X,16,White Oak,12,0,0,0,0,0,0,0,0,0,2,0,0,0,0,0,0,0,0,0,0,0,0,0
NCTP,CA,F,M,CA_F_M,17,Ash,1,0,0,0,0,0,0,0,0,0,0,0,0,0,0,0,0,0,0,0,0,0,0,0
NCTP,CA,F,M,CA_F_M,17,Ash,2,0,0,0,0,0,0,0,0,0,0,0,0,0,0,0,0,0,0,0,0,0,0,0
NCTP,CA,F,M,CA_F_M,17,Ash,3,0,0,0,0,0,0,0,0,0,0,0,0,0,0,0,0,0,0,0,0,0,0,0
NCTP,CA,F,M,CA_F_M,17,Ash,4,0,0,0,0,0,0,0,0,0,0,0,0,0,0,0,0,0,0,0,0,0,0,0
NCTP,CA,F,M,CA_F_M,17,Ash,5,0,0,0,0,0,0,0,0,0,0,0,0,0,0,0,0,0,0,0,0,0,0,0
NCTP,CA,F,M,CA_F_M,17,Ash,6,0,0,0,0,0,0,0,0,0,0,0,0,0,0,0,0,0,0,0,0,0,0,0
NCTP,CA,F,M,CA_F_M,17,Ash,7,0,0,0,0,0,0,0,0,0,0,0,0,0,0,0,0,0,0,0,0,0,0,0
NCTP,CA,F,M,CA_F_M,17,Ash,8,0,0,0,0,0,0,0,0,0,0,0,0,0,0,0,0,0,0,0,0,0,0,0
NCTP,CA,F,M,CA_F_M,17,Ash,9,0,0,0,0,0,0,0,0,0,0,0,0,0,0,0,0,0,0,0,0,0,0,0
NCTP,CA,F,M,CA_F_M,17,Ash,10,0,0,0,0,0,0,0,0,0,0,0,0,0,0,0,0,0,0,0,0,0,0,0
NCTP,CA,F,M,CA_F_M,17,Ash,11,0,0,0,0,0,0,0,0,0,0,0,0,0,0,0,0,0,0,0,0,0,0,0
NCTP,CA,F,M,CA_F_M,17,Ash,12,0,0,0,0,0,0,0,0,0,0,0,0,0,0,0,0,0,0,0,0,0,0,0
NCTP,CA,F,M,CA_F_M,18,Beech,1,0,0,0,0,0,0,0,0,0,1,5,0,0,0,0,0,0,0,0,0,0,0,0
NCTP,CA,F,M,CA_F_M,18,Beech,2,0,0,0,0,0,0,0,0,0,0,5,0,0,0,0,0,0,0,0,0,1,0,0
NCTP,CA,F,M,CA_F_M,18,Beech,3,0,0,0,0,0,0,0,0,0,1,4,0,0,0,0,0,0,0,0,0,0,0,0
NCTP,CA,F,M,CA_F_M,18,Beech,4,0,0,0,0,0,0,0,0,0,1,4,0,0,0,0,0,0,0,0,0,0,0,0
NCTP,CA,F,M,CA_F_M,18,Beech,5,0,0,0,0,0,0,0,0,0,0,1,0,0,0,0,0,0,0,0,0,1,0,0
NCTP,CA,F,M,CA_F_M,18,Beech,6,0,0,0,0,0,0,0,0,0,0,3,0,0,0,0,0,0,0,0,0,0,0,0
NCTP,CA,F,M,CA_F_M,18,Beech,7,0,0,0,0,0,0,0,0,0,0,3,0,0,0,0,0,0,0,0,0,0,0,0
NCTP,CA,F,M,CA_F_M,18,Beech,8,0,0,0,0,0,0,0,0,0,1,9,0,0,0,0,0,0,0,0,0,0,0,0
NCTP,CA,F,M,CA_F_M,18,Beech,9,0,0,0,0,0,0,0,0,0,1,5,0,0,0,0,0,0,0,0,0,0,0,0
NCTP,CA,F,M,CA_F_M,18,Beech,10,0,0,0,0,0,0,0,0,0,2,8,0,0,0,0,0,0,0,0,0,0,0,0
NCTP,CA,F,M,CA_F_M,18,Beech,11,0,0,0,0,0,0,0,0,0,0,5,0,0,0,0,0,0,0,0,0,0,0,0
NCTP,CA,F,M,CA_F_M,18,Beech,12,0,0,0,0,0,0,0,0,0,0,3,0,0,0,0,0,0,0,0,0,0,0,1
NCTP,CA,F,M,CA_F_M,19,Tulip,1,0,0,0,0,0,0,0,0,0,0,0,0,0,0,0,0,1,0,0,0,0,0,0
NCTP,CA,F,M,CA_F_M,19,Tulip,2,0,0,0,0,0,0,0,0,2,0,0,0,0,0,0,0,0,0,0,0,0,0,0
NCTP,CA,F,M,CA_F_M,19,Tulip,3,0,0,0,0,0,0,0,0,0,0,0,0,0,0,0,0,0,0,0,0,0,0,0
NCTP,CA,F,M,CA_F_M,19,Tulip,4,0,0,0,0,0,0,0,0,0,0,0,0,0,0,0,0,0,0,0,0,0,0,0
NCTP,CA,F,M,CA_F_M,19,Tulip,5,0,0,0,0,0,0,0,0,0,1,0,0,0,0,0,0,0,0,1,0,0,0,0
NCTP,CA,F,M,CA_F_M,19,Tulip,6,0,0,0,0,0,0,0,0,0,0,0,0,0,0,0,0,0,0,0,0,1,0,0
NCTP,CA,F,M,CA_F_M,19,Tulip,7,0,0,0,0,0,0,0,0,0,0,0,0,0,0,0,0,0,0,0,0,1,0,0
NCTP,CA,F,M,CA_F_M,19,Tulip,8,0,0,0,0,0,0,0,0,0,0,0,0,0,0,0,0,0,0,1,0,0,0,1
NCTP,CA,F,M,CA_F_M,19,Tulip,9,0,0,0,0,0,0,0,0,0,0,0,0,0,0,0,0,0,0,0,0,0,0,0
NCTP,CA,F,M,CA_F_M,19,Tulip,10,0,0,0,0,0,0,0,0,0,0,0,0,0,0,0,0,0,0,0,0,0,0,0
NCTP,CA,F,M,CA_F_M,19,Tulip,11,0,0,0,0,0,0,0,0,0,1,0,0,0,0,0,0,0,0,0,0,0,0,0
NCTP,CA,F,M,CA_F_M,19,Tulip,12,0,0,0,0,0,0,0,0,0,0,0,0,0,0,0,0,0,0,0,0,0,0,0
NCTP,CA,F,M,CA_F_M,20,Tulip,1,0,0,0,0,0,0,0,0,0,0,0,0,0,0,0,0,0,0,0,0,0,0,0
NCTP,CA,F,M,CA_F_M,20,Tulip,2,0,0,0,0,0,0,0,0,0,0,0,0,0,0,0,0,0,0,0,0,0,0,0
NCTP,CA,F,M,CA_F_M,20,Tulip,3,0,0,0,0,0,0,0,0,1,0,0,0,0,0,0,0,0,0,0,0,0,0,0
NCTP,CA,F,M,CA_F_M,20,Tulip,4,0,0,0,0,0,0,0,0,0,0,0,0,0,0,0,0,0,0,0,0,1,0,0
NCTP,CA,F,M,CA_F_M,20,Tulip,5,0,0,0,0,0,0,0,0,0,0,0,0,0,0,0,0,0,0,0,0,0,0,0
NCTP,CA,F,M,CA_F_M,20,Tulip,6,0,0,0,0,0,0,0,0,0,0,0,0,0,0,0,0,0,0,0,0,0,0,0
NCTP,CA,F,M,CA_F_M,20,Tulip,7,0,0,0,0,0,0,0,0,0,3,0,0,0,0,0,0,0,0,0,0,0,0,1
NCTP,CA,F,M,CA_F_M,20,Tulip,8,0,0,0,0,0,0,0,0,0,0,0,0,0,0,0,0,0,0,0,0,0,0,0
NCTP,CA,F,M,CA_F_M,20,Tulip,9,0,0,0,0,0,0,0,0,0,0,0,0,0,0,0,0,0,0,0,0,0,0,1
NCTP,CA,F,M,CA_F_M,20,Tulip,10,0,0,0,0,0,0,0,0,0,0,0,0,0,0,0,0,0,0,0,0,0,0,0
NCTP,CA,F,M,CA_F_M,20,Tulip,11,0,0,0,0,0,0,0,0,0,1,0,0,0,0,0,0,0,0,0,0,0,0,0
NCTP,CA,F,M,CA_F_M,20,Tulip,12,0,0,0,0,0,0,0,0,0,0,0,0,0,0,0,0,0,0,0,0,2,0,0
NCTP,CA,F,X,CA_F_X,21,Ash,1,0,0,0,0,0,0,0,0,0,1,0,0,0,0,0,0,0,0,0,0,0,0,0
NCTP,CA,F,X,CA_F_X,21,Ash,2,0,0,0,0,0,0,0,0,0,1,0,0,0,0,0,0,0,0,0,0,0,0,0
NCTP,CA,F,X,CA_F_X,21,Ash,3,0,0,0,0,0,0,0,0,0,1,0,0,0,0,0,0,0,0,0,0,0,0,0
NCTP,CA,F,X,CA_F_X,21,Ash,4,0,0,0,0,0,0,0,0,0,0,0,0,0,0,0,0,0,0,0,0,0,0,0
NCTP,CA,F,X,CA_F_X,21,Ash,5,0,0,0,0,0,0,0,0,0,0,0,0,0,0,0,0,0,0,0,0,0,0,0
NCTP,CA,F,X,CA_F_X,21,Ash,6,0,0,0,0,0,0,0,0,0,1,0,0,0,0,0,0,0,0,0,0,0,0,0
NCTP,CA,F,X,CA_F_X,21,Ash,7,0,0,0,0,0,0,0,0,0,0,0,0,0,0,0,0,0,0,0,0,0,0,0
NCTP,CA,F,X,CA_F_X,21,Ash,8,0,0,0,0,0,0,0,0,0,2,0,0,0,0,0,0,0,0,0,0,0,0,0
NCTP,CA,F,X,CA_F_X,21,Ash,9,0,0,0,0,0,0,0,0,1,0,0,0,0,0,0,0,0,0,0,0,0,0,0
NCTP,CA,F,X,CA_F_X,21,Ash,10,0,0,0,0,0,0,0,0,0,1,0,0,0,0,0,0,0,0,0,0,0,0,0
NCTP,CA,F,X,CA_F_X,21,Ash,11,0,0,0,0,0,0,0,0,0,1,0,0,0,0,0,0,0,0,0,0,0,0,0
NCTP,CA,F,X,CA_F_X,21,Ash,12,0,0,0,0,0,0,0,0,0,1,0,0,0,0,0,0,0,0,0,0,0,0,0
NCTP,CA,F,X,CA_F_X,22,Maple,1,0,0,0,0,0,0,0,0,1,1,1,0,0,0,0,0,0,0,0,0,0,0,0
NCTP,CA,F,X,CA_F_X,22,Maple,2,0,0,0,0,0,0,0,0,1,0,0,0,0,0,0,0,0,0,0,0,0,0,0
NCTP,CA,F,X,CA_F_X,22,Maple,3,0,0,0,0,0,0,0,0,1,0,0,0,0,0,0,0,0,0,0,0,0,0,0
NCTP,CA,F,X,CA_F_X,22,Maple,4,0,0,0,0,0,0,0,0,1,0,0,0,0,0,0,0,0,0,0,0,0,0,0
NCTP,CA,F,X,CA_F_X,22,Maple,5,0,0,0,0,0,0,0,0,2,1,0,0,0,0,0,0,0,0,0,0,0,0,0
NCTP,CA,F,X,CA_F_X,22,Maple,6,0,0,0,0,0,0,0,0,0,0,0,0,0,0,0,0,0,0,0,0,0,0,0
NCTP,CA,F,X,CA_F_X,22,Maple,7,0,0,0,0,0,0,0,0,0,0,0,0,0,0,0,0,0,0,0,0,0,0,0
NCTP,CA,F,X,CA_F_X,22,Maple,8,0,0,0,0,0,0,0,0,3,0,0,0,0,0,0,0,0,0,0,0,0,0,0
NCTP,CA,F,X,CA_F_X,22,Maple,9,0,0,0,0,0,0,0,0,0,0,0,0,0,0,0,0,1,0,0,0,0,0,0
NCTP,CA,F,X,CA_F_X,22,Maple,10,0,0,0,0,0,0,0,0,1,0,0,0,0,0,0,0,0,0,0,0,0,0,0
NCTP,CA,F,X,CA_F_X,22,Maple,11,0,0,0,0,0,0,0,0,0,0,1,0,0,0,0,0,0,0,1,0,0,0,0
NCTP,CA,F,X,CA_F_X,22,Maple,12,0,0,0,0,0,0,0,0,1,1,0,0,0,0,0,0,2,0,0,0,0,0,0
NCTP,CA,F,X,CA_F_X,23,Red Oak,1,0,0,0,0,0,0,0,0,0,0,0,0,0,0,0,0,0,0,0,0,0,0,0
NCTP,CA,F,X,CA_F_X,23,Red Oak,2,0,0,0,0,0,0,0,0,0,0,0,0,0,0,0,0,0,0,0,0,0,0,0
NCTP,CA,F,X,CA_F_X,23,Red Oak,3,0,0,0,0,0,0,0,0,0,0,0,0,0,0,0,0,0,0,0,0,0,0,0
NCTP,CA,F,X,CA_F_X,23,Red Oak,4,0,0,0,0,0,0,0,0,0,0,0,0,0,0,0,0,0,0,0,0,0,0,0
NCTP,CA,F,X,CA_F_X,23,Red Oak,5,0,0,0,0,0,0,0,0,0,0,0,0,0,0,0,0,0,0,0,0,0,0,0
NCTP,CA,F,X,CA_F_X,23,Red Oak,6,0,0,0,0,0,0,0,0,0,0,0,0,0,0,0,0,0,0,0,0,1,0,0
NCTP,CA,F,X,CA_F_X,23,Red Oak,7,0,0,0,0,0,0,0,0,0,0,0,0,0,0,0,0,0,0,0,0,0,0,0
NCTP,CA,F,X,CA_F_X,23,Red Oak,8,0,0,0,0,0,0,0,0,0,0,0,0,0,0,0,0,0,0,0,0,0,0,0
NCTP,CA,F,X,CA_F_X,23,Red Oak,9,0,0,0,0,0,0,0,0,0,0,0,0,0,0,0,0,0,0,0,0,0,0,0
NCTP,CA,F,X,CA_F_X,23,Red Oak,10,0,0,0,0,0,0,0,0,0,0,0,0,0,0,0,0,0,0,0,0,0,0,0
NCTP,CA,F,X,CA_F_X,23,Red Oak,11,0,0,0,0,0,0,0,0,0,0,0,0,0,0,0,0,0,0,0,0,0,0,0
NCTP,CA,F,X,CA_F_X,23,Red Oak,12,0,0,0,0,0,0,0,0,0,0,0,0,0,0,0,0,0,0,0,0,0,0,0
NCTP,CA,F,X,CA_F_X,24,White Oak,1,0,0,0,0,0,0,0,0,0,0,0,0,0,0,0,0,0,0,0,0,0,0,0
NCTP,CA,F,X,CA_F_X,24,White Oak,2,0,0,0,0,0,0,0,0,0,1,0,0,0,0,0,0,0,0,0,0,0,0,0
NCTP,CA,F,X,CA_F_X,24,White Oak,3,0,0,0,0,0,0,0,0,0,0,0,0,0,0,0,0,0,0,0,0,0,0,0
NCTP,CA,F,X,CA_F_X,24,White Oak,4,0,0,0,0,0,0,0,0,0,0,0,0,0,0,0,0,0,0,0,0,0,0,0
NCTP,CA,F,X,CA_F_X,24,White Oak,5,0,0,0,0,0,0,0,0,0,0,0,0,0,0,0,0,0,0,0,0,0,0,0
NCTP,CA,F,X,CA_F_X,24,White Oak,6,0,0,0,0,0,0,0,0,0,0,0,0,0,0,0,0,0,0,0,0,0,0,1
NCTP,CA,F,X,CA_F_X,24,White Oak,7,0,0,0,0,0,0,0,0,0,1,0,0,0,0,0,0,0,0,0,0,0,0,0
NCTP,CA,F,X,CA_F_X,24,White Oak,8,0,0,0,0,0,0,0,0,0,1,0,0,0,0,0,0,0,0,0,0,0,0,0
NCTP,CA,F,X,CA_F_X,24,White Oak,9,0,0,0,0,0,0,0,0,0,0,0,0,0,0,0,0,0,0,0,0,0,0,0
NCTP,CA,F,X,CA_F_X,24,White Oak,10,0,0,0,0,0,0,0,0,0,0,0,0,0,0,0,0,0,0,0,0,0,0,0
NCTP,CA,F,X,CA_F_X,24,White Oak,11,0,0,0,0,0,0,0,0,0,0,0,0,0,0,0,0,1,0,0,0,0,0,0
NCTP,CA,F,X,CA_F_X,24,White Oak,12,0,0,0,0,0,0,0,0,0,0,0,0,0,0,0,0,0,0,0,0,0,0,0
NCTP,CA,N,M,CA_N_M,25,Maple,1,0,0,0,0,0,0,0,0,0,0,0,0,0,0,0,0,0,0,0,0,0,0,0
NCTP,CA,N,M,CA_N_M,25,Maple,2,0,0,0,0,0,0,0,0,0,0,0,0,0,0,0,0,0,0,2,0,0,0,0
NCTP,CA,N,M,CA_N_M,25,Maple,3,0,0,0,0,0,0,0,0,0,2,0,0,0,0,0,0,0,0,1,0,0,0,0
NCTP,CA,N,M,CA_N_M,25,Maple,4,0,0,0,0,0,0,0,0,0,0,0,0,0,0,0,0,0,0,0,0,0,0,0
NCTP,CA,N,M,CA_N_M,25,Maple,5,0,0,0,0,0,0,0,0,0,0,0,0,0,0,0,0,0,0,0,0,0,0,0
NCTP,CA,N,M,CA_N_M,25,Maple,6,0,0,0,0,0,0,0,0,0,2,0,0,0,0,0,0,0,0,0,0,0,0,0
NCTP,CA,N,M,CA_N_M,25,Maple,7,0,0,0,0,0,0,0,0,0,0,0,1,0,0,0,0,0,0,1,0,0,0,0
NCTP,CA,N,M,CA_N_M,25,Maple,8,0,0,0,0,0,0,0,0,0,0,0,0,0,0,0,0,0,0,2,0,0,0,0
NCTP,CA,N,M,CA_N_M,25,Maple,9,0,0,0,0,0,0,0,0,0,0,0,0,0,0,0,0,0,0,0,0,1,0,0
NCTP,CA,N,M,CA_N_M,25,Maple,10,0,0,0,0,0,0,0,0,0,0,0,0,0,0,0,0,0,0,0,0,0,0,0
NCTP,CA,N,M,CA_N_M,25,Maple,11,0,0,0,0,0,0,0,0,0,0,0,0,0,0,0,0,0,0,1,0,0,0,0
NCTP,CA,N,M,CA_N_M,25,Maple,12,0,0,0,0,0,0,0,0,0,1,0,0,0,0,0,0,0,0,0,0,0,0,0
NCTP,CA,N,M,CA_N_M,26,Sycamore,1,0,0,0,0,0,0,0,1,0,0,2,0,0,0,0,0,0,0,0,0,0,0,0
NCTP,CA,N,M,CA_N_M,26,Sycamore,2,0,0,0,0,0,0,0,0,0,0,2,0,0,0,0,0,0,0,0,0,0,0,0
NCTP,CA,N,M,CA_N_M,26,Sycamore,3,0,0,0,0,0,0,0,1,0,0,1,0,0,0,0,0,0,0,0,0,0,0,0
NCTP,CA,N,M,CA_N_M,26,Sycamore,4,0,0,0,0,0,0,0,0,0,0,1,0,0,0,0,0,0,0,0,0,0,0,0
NCTP,CA,N,M,CA_N_M,26,Sycamore,5,0,0,0,0,0,0,0,0,0,0,2,0,0,0,0,0,0,0,0,0,0,0,0
NCTP,CA,N,M,CA_N_M,26,Sycamore,6,0,0,0,0,0,0,0,0,1,0,1,0,0,0,0,0,0,0,0,0,1,0,0
NCTP,CA,N,M,CA_N_M,26,Sycamore,7,0,0,0,0,0,0,0,1,0,0,0,0,0,0,0,0,0,0,0,0,0,0,0
NCTP,CA,N,M,CA_N_M,26,Sycamore,8,0,0,0,0,0,0,0,0,0,0,2,1,0,0,0,0,0,0,0,0,0,0,0
NCTP,CA,N,M,CA_N_M,26,Sycamore,9,0,0,0,0,0,0,0,0,0,0,1,0,0,0,0,0,0,0,0,0,0,0,0
NCTP,CA,N,M,CA_N_M,26,Sycamore,10,0,0,0,0,0,0,0,0,0,0,3,0,0,0,0,0,0,0,0,0,0,0,0
NCTP,CA,N,M,CA_N_M,26,Sycamore,11,0,0,0,0,0,0,0,2,0,0,1,0,0,0,0,0,0,0,0,0,0,0,0
NCTP,CA,N,M,CA_N_M,26,Sycamore,12,0,0,0,0,0,0,0,1,0,0,2,0,0,0,0,0,0,0,0,0,0,0,0
NCTP,CA,N,M,CA_N_M,27,Sycamore,1,0,0,0,0,0,0,0,0,0,0,2,0,0,0,0,0,0,0,0,0,0,0,0
NCTP,CA,N,M,CA_N_M,27,Sycamore,2,0,0,0,0,0,0,0,0,0,0,1,0,0,0,0,0,0,0,0,0,0,0,0
NCTP,CA,N,M,CA_N_M,27,Sycamore,3,0,0,0,0,0,0,0,0,0,0,3,0,1,0,0,0,0,0,0,0,0,0,0
NCTP,CA,N,M,CA_N_M,27,Sycamore,4,0,0,0,0,0,0,0,1,0,2,0,0,0,0,0,0,0,0,0,0,0,0,0
NCTP,CA,N,M,CA_N_M,27,Sycamore,5,0,0,0,0,0,0,0,0,0,1,2,0,0,0,0,0,0,0,0,0,0,0,0
NCTP,CA,N,M,CA_N_M,27,Sycamore,6,0,0,0,0,0,0,0,0,0,1,2,0,0,0,0,0,0,0,0,0,0,0,1
NCTP,CA,N,M,CA_N_M,27,Sycamore,7,0,0,0,0,0,0,0,0,0,3,2,1,0,0,0,0,0,0,0,0,0,0,0
NCTP,CA,N,M,CA_N_M,27,Sycamore,8,0,0,0,0,0,0,0,0,0,1,0,0,0,0,0,0,0,0,0,0,0,0,0
NCTP,CA,N,M,CA_N_M,27,Sycamore,9,0,0,0,0,0,0,0,0,0,2,1,0,1,0,0,0,0,0,0,0,0,0,0
NCTP,CA,N,M,CA_N_M,27,Sycamore,10,0,0,0,0,0,0,0,1,0,2,2,0,0,0,0,0,0,0,0,0,0,0,0
NCTP,CA,N,M,CA_N_M,27,Sycamore,11,0,0,0,0,0,0,0,0,0,3,2,1,0,0,0,0,0,0,0,0,0,0,0
NCTP,CA,N,M,CA_N_M,27,Sycamore,12,0,0,0,0,0,0,0,0,0,0,0,0,0,0,0,0,0,0,0,0,0,0,0
NCTP,CA,N,M,CA_N_M,28,Tulip,1,0,0,0,0,0,0,0,0,0,0,0,0,0,0,0,0,0,0,0,0,0,0,0
NCTP,CA,N,M,CA_N_M,28,Tulip,2,0,0,0,0,0,0,0,0,1,0,2,0,0,0,0,0,0,0,0,0,0,0,0
NCTP,CA,N,M,CA_N_M,28,Tulip,3,0,0,0,0,0,0,0,0,0,0,0,0,0,0,0,0,0,0,0,0,0,0,0
NCTP,CA,N,M,CA_N_M,28,Tulip,4,0,0,0,0,0,0,0,0,2,0,0,0,0,0,0,0,0,0,0,0,0,0,0
NCTP,CA,N,M,CA_N_M,28,Tulip,5,0,0,0,0,0,0,0,0,0,0,0,0,0,0,0,0,0,0,0,0,1,0,0
NCTP,CA,N,M,CA_N_M,28,Tulip,6,0,0,0,0,0,0,0,0,0,0,0,0,0,0,0,0,0,0,0,0,0,0,0
NCTP,CA,N,M,CA_N_M,28,Tulip,7,0,0,0,0,0,0,0,0,0,0,0,0,0,0,0,0,0,0,1,0,0,0,0
NCTP,CA,N,M,CA_N_M,28,Tulip,8,0,0,0,0,0,0,0,0,0,0,0,0,0,0,0,0,0,0,0,0,0,0,0
NCTP,CA,N,M,CA_N_M,28,Tulip,9,0,0,0,0,0,0,0,0,0,0,0,0,0,0,0,0,0,0,0,0,0,0,0
NCTP,CA,N,M,CA_N_M,28,Tulip,10,0,0,0,0,0,0,0,0,0,0,1,0,0,0,0,0,0,0,0,0,1,0,0
NCTP,CA,N,M,CA_N_M,28,Tulip,11,0,0,0,0,0,0,0,0,1,0,0,0,0,0,0,0,0,0,0,0,0,0,0
NCTP,CA,N,M,CA_N_M,28,Tulip,12,0,0,0,0,0,0,0,0,0,0,0,0,0,0,0,0,0,0,0,0,0,0,0
NCTP,CA,N,X,CA_N_X,29,Beech,1,0,0,0,0,0,0,0,0,0,0,0,0,0,0,0,0,0,0,0,0,0,0,0
NCTP,CA,N,X,CA_N_X,29,Beech,2,0,0,0,0,0,0,0,0,0,0,0,0,0,0,0,0,0,0,0,0,0,0,0
NCTP,CA,N,X,CA_N_X,29,Beech,3,0,0,0,0,0,0,0,0,0,0,0,0,0,0,0,0,0,0,0,0,0,0,0
NCTP,CA,N,X,CA_N_X,29,Beech,4,0,0,0,0,0,0,0,0,0,0,1,0,0,0,0,0,0,0,0,0,0,0,0
NCTP,CA,N,X,CA_N_X,29,Beech,5,0,0,0,0,0,0,0,0,0,0,0,0,0,0,0,0,0,0,0,0,1,0,0
NCTP,CA,N,X,CA_N_X,29,Beech,6,0,0,0,0,0,0,0,0,0,0,0,0,0,0,0,0,0,0,0,0,0,0,0
NCTP,CA,N,X,CA_N_X,29,Beech,7,0,0,0,0,0,0,0,0,0,0,0,0,0,0,0,0,0,0,0,0,0,0,0
NCTP,CA,N,X,CA_N_X,29,Beech,8,0,0,0,0,0,0,0,0,0,0,0,0,0,0,0,0,0,0,0,0,0,0,0
NCTP,CA,N,X,CA_N_X,29,Beech,9,0,0,0,0,0,0,0,0,0,0,0,0,0,0,0,0,0,0,0,0,0,0,0
NCTP,CA,N,X,CA_N_X,29,Beech,10,0,0,0,0,0,0,0,0,0,0,0,0,0,0,0,0,0,0,0,0,0,0,0
NCTP,CA,N,X,CA_N_X,29,Beech,11,0,0,0,0,0,0,0,0,0,0,0,0,0,0,0,0,0,0,0,0,0,0,0
NCTP,CA,N,X,CA_N_X,29,Beech,12,0,0,0,0,0,0,0,0,0,0,0,0,0,0,0,0,0,0,0,0,0,0,0
NCTP,CA,N,X,CA_N_X,30,Maple,1,0,0,0,0,0,0,0,0,0,0,0,0,0,0,0,0,1,0,0,0,0,0,1
NCTP,CA,N,X,CA_N_X,30,Maple,2,0,0,0,0,0,0,0,0,0,0,0,0,0,0,0,0,0,0,0,0,0,0,0
NCTP,CA,N,X,CA_N_X,30,Maple,3,0,0,0,0,0,0,0,0,0,0,0,0,0,0,0,0,0,0,0,0,0,0,0
NCTP,CA,N,X,CA_N_X,30,Maple,4,0,0,0,0,0,0,0,0,0,0,0,0,0,0,0,0,0,0,0,0,0,0,0
NCTP,CA,N,X,CA_N_X,30,Maple,5,0,0,0,0,0,0,0,0,0,1,0,0,0,0,0,0,0,0,2,0,0,0,0
NCTP,CA,N,X,CA_N_X,30,Maple,6,0,0,0,0,0,0,0,0,0,0,0,0,0,0,0,0,0,0,0,0,1,0,0
NCTP,CA,N,X,CA_N_X,30,Maple,7,0,0,0,0,0,0,0,1,0,0,0,0,0,0,0,0,0,0,0,0,0,0,0
NCTP,CA,N,X,CA_N_X,30,Maple,8,0,0,0,0,0,0,0,0,0,2,0,0,0,0,0,0,0,0,0,0,0,0,0
NCTP,CA,N,X,CA_N_X,30,Maple,9,0,0,0,0,0,0,0,0,0,0,0,0,0,0,0,0,0,0,0,0,0,0,1
NCTP,CA,N,X,CA_N_X,30,Maple,10,0,0,0,0,0,0,0,0,0,0,0,0,0,0,0,0,0,0,0,0,0,0,0
NCTP,CA,N,X,CA_N_X,30,Maple,11,0,0,0,0,0,0,0,0,0,0,0,0,0,0,0,0,1,0,0,0,1,0,0
NCTP,CA,N,X,CA_N_X,30,Maple,12,0,0,0,0,0,0,0,0,0,0,0,0,0,0,0,0,0,0,0,0,0,0,0
NCTP,CA,N,X,CA_N_X,31,Red Oak,1,0,0,0,0,0,0,0,0,0,0,0,0,0,0,0,0,0,0,0,0,0,0,0
NCTP,CA,N,X,CA_N_X,31,Red Oak,2,0,0,0,0,0,0,0,0,0,0,0,0,0,0,0,0,0,0,1,0,0,0,0
NCTP,CA,N,X,CA_N_X,31,Red Oak,3,0,0,0,0,0,0,0,0,0,0,0,0,0,0,0,0,0,0,0,0,0,0,0
NCTP,CA,N,X,CA_N_X,31,Red Oak,4,0,0,0,0,0,0,0,0,0,0,0,0,0,0,0,0,0,0,0,0,0,0,0
NCTP,CA,N,X,CA_N_X,31,Red Oak,5,0,0,0,0,0,0,0,0,0,0,0,0,0,0,0,0,0,0,0,0,0,0,0
NCTP,CA,N,X,CA_N_X,31,Red Oak,6,0,0,0,0,0,0,0,0,0,0,0,0,0,0,0,0,0,0,0,0,0,0,0
NCTP,CA,N,X,CA_N_X,31,Red Oak,7,0,0,0,0,0,0,0,0,0,0,0,0,0,0,0,0,0,0,0,0,0,0,0
NCTP,CA,N,X,CA_N_X,31,Red Oak,8,0,0,0,0,0,0,0,0,0,1,1,0,0,0,0,0,0,0,0,0,0,0,0
NCTP,CA,N,X,CA_N_X,31,Red Oak,9,0,0,0,0,0,0,0,0,0,0,0,0,0,0,0,0,0,0,1,0,0,0,0
NCTP,CA,N,X,CA_N_X,31,Red Oak,10,0,0,0,0,0,0,0,0,0,0,0,0,0,0,0,0,0,0,1,0,0,0,0
NCTP,CA,N,X,CA_N_X,31,Red Oak,11,0,0,0,0,0,0,0,0,0,0,0,0,0,0,0,0,1,0,0,0,0,0,0
NCTP,CA,N,X,CA_N_X,31,Red Oak,12,0,0,0,0,0,0,0,0,0,0,0,0,0,0,0,0,0,0,0,0,0,0,0
NCTP,CA,N,X,CA_N_X,32,White Oak,1,0,0,0,0,0,0,0,0,0,0,0,0,0,0,0,0,0,0,0,0,0,0,0
NCTP,CA,N,X,CA_N_X,32,White Oak,2,0,0,0,0,0,0,0,0,0,0,0,0,0,0,0,0,0,0,0,0,0,0,0
NCTP,CA,N,X,CA_N_X,32,White Oak,3,0,0,0,0,0,0,0,0,0,0,0,0,0,0,0,0,0,0,0,0,0,0,0
NCTP,CA,N,X,CA_N_X,32,White Oak,4,0,0,0,0,0,0,0,0,0,0,0,0,0,0,0,0,0,0,0,0,0,0,0
NCTP,CA,N,X,CA_N_X,32,White Oak,5,0,0,0,0,0,0,0,0,0,0,0,0,0,0,0,0,0,0,0,0,0,0,0
NCTP,CA,N,X,CA_N_X,32,White Oak,6,0,0,0,0,0,0,0,0,0,0,0,0,0,0,0,0,0,0,0,0,0,0,0
NCTP,CA,N,X,CA_N_X,32,White Oak,7,0,0,0,0,0,0,0,0,0,0,0,0,0,0,0,0,0,0,0,0,0,0,0
NCTP,CA,N,X,CA_N_X,32,White Oak,8,0,0,0,0,0,0,0,0,0,0,0,0,0,0,0,0,0,0,0,0,2,0,0
NCTP,CA,N,X,CA_N_X,32,White Oak,9,0,0,0,0,0,0,0,0,0,0,0,0,0,0,0,0,0,0,0,0,0,0,0
NCTP,CA,N,X,CA_N_X,32,White Oak,10,0,0,0,0,0,0,0,0,0,0,0,0,0,0,0,0,0,0,0,0,1,0,0
NCTP,CA,N,X,CA_N_X,32,White Oak,11,0,0,0,0,0,0,0,0,0,0,0,0,0,0,0,0,0,0,0,0,0,0,0
NCTP,CA,N,X,CA_N_X,32,White Oak,12,0,0,0,0,0,0,0,0,0,0,0,0,0,0,0,0,0,0,0,0,0,0,0
NCTP,HU,L,M,HU_L_M,65,Sycamore,1,0,0,0,0,0,0,0,0,0,0,0,0,0,0,0,0,0,0,0,0,0,0,0
NCTP,HU,L,M,HU_L_M,65,Sycamore,2,0,0,0,0,0,0,0,0,0,0,0,0,0,0,0,0,0,0,0,0,0,0,0
NCTP,HU,L,M,HU_L_M,65,Sycamore,3,0,0,0,0,0,0,0,0,0,0,0,0,0,0,0,0,0,0,0,0,0,0,0
NCTP,HU,L,M,HU_L_M,65,Sycamore,4,0,0,0,0,0,0,0,0,0,0,0,0,0,0,0,0,0,0,0,0,0,0,0
NCTP,HU,L,M,HU_L_M,65,Sycamore,5,0,0,0,0,0,0,0,0,0,0,0,0,0,0,0,0,0,0,0,0,0,0,0
NCTP,HU,L,M,HU_L_M,65,Sycamore,6,0,0,0,0,0,0,0,0,0,0,0,0,0,0,0,0,0,0,0,0,0,0,0
NCTP,HU,L,M,HU_L_M,65,Sycamore,7,0,0,0,0,0,0,0,0,0,0,0,0,0,0,0,0,0,0,0,0,0,0,0
NCTP,HU,L,M,HU_L_M,65,Sycamore,8,0,0,0,0,0,0,0,0,0,0,0,0,0,0,0,0,0,0,0,0,0,0,0
NCTP,HU,L,M,HU_L_M,65,Sycamore,9,0,0,0,0,0,0,0,0,0,1,0,0,0,0,0,0,0,0,0,0,0,0,0
NCTP,HU,L,M,HU_L_M,65,Sycamore,10,0,0,0,0,0,0,0,0,0,1,0,0,0,0,0,0,0,0,0,0,0,0,0
NCTP,HU,L,M,HU_L_M,65,Sycamore,11,0,0,0,0,0,0,0,0,0,1,0,0,0,0,0,0,0,0,0,0,0,0,0
NCTP,HU,L,M,HU_L_M,65,Sycamore,12,0,0,0,0,0,0,0,0,0,0,0,0,0,0,0,1,0,0,0,0,0,0,0
NCTP,HU,L,M,HU_L_M,66,Tulip,1,0,0,0,0,0,0,0,0,0,0,2,0,0,0,0,0,0,0,0,0,0,0,0
NCTP,HU,L,M,HU_L_M,66,Tulip,2,0,0,0,0,0,0,0,0,0,0,1,0,0,0,0,0,0,0,0,0,0,0,0
NCTP,HU,L,M,HU_L_M,66,Tulip,3,0,0,0,0,0,0,0,0,0,0,1,0,0,0,0,0,0,0,0,0,0,0,0
NCTP,HU,L,M,HU_L_M,66,Tulip,4,0,0,0,0,0,0,0,0,0,0,2,0,0,0,0,0,0,0,0,0,0,0,0
NCTP,HU,L,M,HU_L_M,66,Tulip,5,0,0,0,0,0,0,0,0,0,0,2,0,0,0,0,0,0,0,0,0,0,0,0
NCTP,HU,L,M,HU_L_M,66,Tulip,6,0,0,0,0,0,0,0,0,0,0,1,0,0,0,0,0,0,0,0,0,0,0,0
NCTP,HU,L,M,HU_L_M,66,Tulip,7,0,0,0,0,0,0,0,0,0,0,2,0,0,0,0,0,0,0,0,0,0,0,0
NCTP,HU,L,M,HU_L_M,66,Tulip,8,0,0,0,0,0,0,0,0,0,0,0,0,0,0,0,0,0,0,0,0,0,0,0
NCTP,HU,L,M,HU_L_M,66,Tulip,9,0,0,0,0,0,0,0,0,0,0,0,0,0,0,0,0,0,0,0,0,0,0,0
NCTP,HU,L,M,HU_L_M,66,Tulip,10,0,0,0,0,0,0,0,0,0,0,0,0,0,0,0,0,0,0,0,0,0,0,0
NCTP,HU,L,M,HU_L_M,66,Tulip,11,0,0,0,0,0,0,0,0,0,0,0,0,0,0,0,0,0,0,0,0,0,0,0
NCTP,HU,L,M,HU_L_M,66,Tulip,12,0,0,1,0,0,0,0,0,0,0,0,0,0,0,0,0,0,0,0,0,0,0,0
NCTP,HU,L,M,HU_L_M,67,Tulip,1,0,0,0,0,0,0,0,0,0,0,0,0,0,0,0,0,0,0,0,0,0,0,0
NCTP,HU,L,M,HU_L_M,67,Tulip,2,0,0,0,0,0,0,0,0,4,0,0,0,0,0,0,0,0,0,0,0,0,0,0
NCTP,HU,L,M,HU_L_M,67,Tulip,3,0,0,0,0,0,0,0,0,0,0,0,0,0,0,0,0,0,0,0,0,0,0,0
NCTP,HU,L,M,HU_L_M,67,Tulip,4,0,0,0,0,0,0,0,0,0,0,0,0,0,0,0,0,0,0,0,0,0,0,0
NCTP,HU,L,M,HU_L_M,67,Tulip,5,0,0,0,0,0,0,0,0,0,1,0,0,0,0,0,1,0,0,0,0,0,0,0
NCTP,HU,L,M,HU_L_M,67,Tulip,6,0,0,0,0,0,0,0,0,0,0,0,0,0,0,0,0,0,0,0,0,0,0,0
NCTP,HU,L,M,HU_L_M,67,Tulip,7,0,0,0,0,0,0,0,0,0,0,0,0,0,0,0,0,0,0,0,0,0,0,0
NCTP,HU,L,M,HU_L_M,67,Tulip,8,0,0,0,0,0,0,0,0,0,0,0,0,0,0,0,0,0,0,0,0,0,0,0
NCTP,HU,L,M,HU_L_M,67,Tulip,9,0,0,0,0,0,0,0,0,0,0,0,0,0,0,0,0,1,0,0,0,0,0,0
NCTP,HU,L,M,HU_L_M,67,Tulip,10,0,0,0,0,0,0,0,0,0,1,0,0,0,0,0,0,0,0,0,0,0,0,0
NCTP,HU,L,M,HU_L_M,67,Tulip,11,0,0,0,0,0,0,0,0,0,0,0,0,0,0,0,0,0,0,0,0,0,0,0
NCTP,HU,L,M,HU_L_M,67,Tulip,12,0,0,0,0,0,0,0,0,1,0,0,0,0,0,0,0,0,0,0,0,0,0,0
NCTP,HU,L,M,HU_L_M,68,Walnut,1,0,0,0,0,0,0,0,0,0,0,0,0,0,0,0,0,0,0,0,0,0,0,0
NCTP,HU,L,M,HU_L_M,68,Walnut,2,0,0,0,0,0,0,0,0,0,0,0,0,0,0,0,0,0,0,0,0,0,0,0
NCTP,HU,L,M,HU_L_M,68,Walnut,3,0,0,0,0,0,0,0,0,0,0,0,0,0,0,0,0,0,0,0,0,0,0,0
NCTP,HU,L,M,HU_L_M,68,Walnut,4,0,0,0,0,0,0,0,0,0,0,1,0,0,0,0,0,0,0,0,0,0,0,0
NCTP,HU,L,M,HU_L_M,68,Walnut,5,0,0,0,0,0,0,0,0,0,0,0,0,0,0,0,0,0,0,0,0,0,0,0
NCTP,HU,L,M,HU_L_M,68,Walnut,6,0,0,0,0,0,0,0,0,0,0,0,0,0,0,0,0,0,0,0,0,0,0,0
NCTP,HU,L,M,HU_L_M,68,Walnut,7,0,0,0,0,0,0,0,0,0,0,0,0,0,0,0,0,0,0,0,0,0,0,0
NCTP,HU,L,M,HU_L_M,68,Walnut,8,0,0,0,0,0,0,0,0,0,0,0,0,0,0,0,0,0,0,0,0,0,0,0
NCTP,HU,L,M,HU_L_M,68,Walnut,9,0,0,0,0,0,0,0,0,0,0,0,0,0,0,0,0,0,0,0,0,0,0,0
NCTP,HU,L,M,HU_L_M,68,Walnut,10,0,0,0,0,0,0,0,0,0,0,0,0,0,0,0,0,0,0,0,0,0,0,0
NCTP,HU,L,M,HU_L_M,68,Walnut,11,0,0,0,0,0,0,0,0,0,0,0,0,0,0,0,1,0,0,0,0,0,0,1
NCTP,HU,L,M,HU_L_M,68,Walnut,12,0,0,0,0,0,0,0,0,1,0,0,0,0,0,0,0,0,0,0,0,0,0,0
NCTP,HU,L,X,HU_L_X,69,Beech,1,0,0,0,0,0,0,0,0,0,1,1,0,0,0,0,0,0,0,0,1,0,0,0
NCTP,HU,L,X,HU_L_X,69,Beech,2,0,0,0,0,0,0,0,0,0,0,1,0,0,0,0,0,0,0,0,0,0,0,0
NCTP,HU,L,X,HU_L_X,69,Beech,3,0,0,0,0,0,0,0,0,0,1,4,0,0,0,0,0,0,0,0,0,0,0,0
NCTP,HU,L,X,HU_L_X,69,Beech,4,0,0,0,0,0,0,0,0,0,2,3,0,0,0,0,0,0,0,0,0,0,0,1
NCTP,HU,L,X,HU_L_X,69,Beech,5,0,0,0,0,0,0,0,0,0,6,3,0,0,0,0,1,0,0,0,0,0,0,0
NCTP,HU,L,X,HU_L_X,69,Beech,6,0,0,0,0,0,0,0,0,0,2,6,0,0,0,0,0,0,0,0,0,0,0,0
NCTP,HU,L,X,HU_L_X,69,Beech,7,0,0,0,0,0,0,0,0,0,3,0,0,0,0,0,0,2,0,0,0,0,0,0
NCTP,HU,L,X,HU_L_X,69,Beech,8,0,0,0,0,0,0,0,0,0,4,2,0,0,0,0,1,0,0,0,0,0,0,0
NCTP,HU,L,X,HU_L_X,69,Beech,9,0,0,0,0,0,0,0,0,0,1,1,0,0,0,0,1,0,0,0,0,0,0,0
NCTP,HU,L,X,HU_L_X,69,Beech,10,0,0,0,0,0,0,0,0,0,1,1,0,0,0,0,0,0,0,0,0,0,0,0
NCTP,HU,L,X,HU_L_X,69,Beech,11,0,0,0,0,0,0,0,0,0,0,1,0,0,0,0,0,0,0,0,0,0,0,0
NCTP,HU,L,X,HU_L_X,69,Beech,12,0,0,0,0,0,0,0,0,0,1,0,0,0,0,0,0,0,0,0,0,0,0,0
NCTP,HU,L,X,HU_L_X,70,White Oak,1,0,0,0,0,0,0,0,1,14,1,0,0,0,0,0,0,1,0,0,0,0,0,0
NCTP,HU,L,X,HU_L_X,70,White Oak,2,0,0,0,0,1,0,0,0,3,1,1,0,0,0,0,0,0,0,0,0,0,0,1
NCTP,HU,L,X,HU_L_X,70,White Oak,3,0,0,0,0,0,0,0,0,6,1,0,0,0,0,0,2,0,0,0,0,1,0,0
NCTP,HU,L,X,HU_L_X,70,White Oak,4,0,0,0,0,0,0,0,0,5,0,0,0,0,0,0,1,0,0,0,0,0,0,0
NCTP,HU,L,X,HU_L_X,70,White Oak,5,0,0,0,0,0,0,0,3,16,0,0,0,0,0,0,1,0,0,0,0,0,0,4
NCTP,HU,L,X,HU_L_X,70,White Oak,6,0,0,0,0,0,0,0,0,8,0,0,0,0,0,0,2,0,0,0,0,1,0,0
NCTP,HU,L,X,HU_L_X,70,White Oak,7,0,0,0,0,0,0,0,0,0,1,0,0,0,0,0,0,0,0,0,0,0,0,0
NCTP,HU,L,X,HU_L_X,70,White Oak,8,0,0,0,0,0,0,0,0,10,0,0,0,0,0,0,2,1,0,0,0,0,0,0
NCTP,HU,L,X,HU_L_X,70,White Oak,9,0,0,0,0,0,0,0,0,1,0,0,0,0,0,0,1,0,0,0,0,1,0,0
NCTP,HU,L,X,HU_L_X,70,White Oak,10,0,0,0,0,0,0,0,0,0,0,0,0,0,0,0,0,0,0,0,0,0,0,0
NCTP,HU,L,X,HU_L_X,70,White Oak,11,0,0,0,0,0,0,0,0,0,0,0,0,0,0,0,0,0,0,0,0,0,0,0
NCTP,HU,L,X,HU_L_X,70,White Oak,12,0,0,0,0,0,0,0,0,0,0,0,0,0,0,0,0,0,0,0,0,0,0,0
NCTP,HU,L,X,HU_L_X,71,Maple,1,0,0,0,0,0,0,0,1,0,0,0,0,0,0,0,0,0,0,0,0,0,0,0
NCTP,HU,L,X,HU_L_X,71,Maple,2,0,0,0,0,0,0,0,0,0,0,3,0,0,0,0,0,0,0,0,0,0,0,0
NCTP,HU,L,X,HU_L_X,71,Maple,3,0,0,0,0,0,0,0,0,0,0,1,0,0,0,0,0,0,0,0,0,0,0,0
NCTP,HU,L,X,HU_L_X,71,Maple,4,0,0,0,0,0,0,0,1,0,0,0,1,0,0,0,0,0,0,0,0,0,0,0
NCTP,HU,L,X,HU_L_X,71,Maple,5,0,0,0,0,0,0,0,0,0,0,1,1,0,0,0,1,0,0,0,0,0,0,0
NCTP,HU,L,X,HU_L_X,71,Maple,6,0,0,0,0,0,0,0,0,0,0,1,0,0,0,0,0,0,0,0,0,0,0,0
NCTP,HU,L,X,HU_L_X,71,Maple,7,0,0,0,0,0,0,0,0,0,0,1,0,0,0,0,0,0,0,0,0,0,0,0
NCTP,HU,L,X,HU_L_X,71,Maple,8,0,0,0,0,0,0,0,0,0,1,0,0,0,0,0,0,0,0,0,0,0,0,0
NCTP,HU,L,X,HU_L_X,71,Maple,9,0,0,0,0,0,0,0,0,0,0,0,0,0,0,0,0,0,0,0,0,0,0,0
NCTP,HU,L,X,HU_L_X,71,Maple,10,0,0,0,0,0,0,0,0,0,0,0,0,0,0,0,0,0,0,0,0,2,0,0
NCTP,HU,L,X,HU_L_X,71,Maple,11,0,0,0,0,0,0,0,0,0,1,0,0,0,0,0,0,0,0,0,0,0,0,0
NCTP,HU,L,X,HU_L_X,71,Maple,12,0,0,0,0,0,0,0,0,0,0,0,0,0,0,0,1,0,0,0,0,0,0,0
NCTP,HU,L,X,HU_L_X,72,Red Oak,1,0,0,0,0,0,0,0,0,1,0,0,0,0,0,0,0,0,0,0,0,0,0,1
NCTP,HU,L,X,HU_L_X,72,Red Oak,2,0,0,0,0,0,0,0,0,0,0,0,0,0,0,0,1,0,0,0,0,0,0,0
NCTP,HU,L,X,HU_L_X,72,Red Oak,3,0,0,0,0,0,0,0,0,2,0,0,0,0,0,0,0,0,0,0,0,0,0,0
NCTP,HU,L,X,HU_L_X,72,Red Oak,4,0,0,0,0,0,0,0,0,2,1,0,0,0,0,0,0,0,0,0,0,0,0,0
NCTP,HU,L,X,HU_L_X,72,Red Oak,5,0,0,0,0,0,0,0,0,1,0,0,0,0,0,0,0,0,0,0,0,0,0,0
NCTP,HU,L,X,HU_L_X,72,Red Oak,6,0,0,0,0,0,0,0,0,1,1,0,0,0,0,0,0,0,0,0,0,0,0,0
NCTP,HU,L,X,HU_L_X,72,Red Oak,7,0,0,0,0,0,0,0,0,0,2,0,0,0,0,0,0,0,0,0,0,0,0,0
NCTP,HU,L,X,HU_L_X,72,Red Oak,8,0,0,0,0,0,0,0,0,0,2,0,0,0,0,0,0,0,0,0,0,0,0,0
NCTP,HU,L,X,HU_L_X,72,Red Oak,9,0,0,0,0,0,0,0,0,1,0,0,0,0,0,0,0,0,0,0,0,0,0,0
NCTP,HU,L,X,HU_L_X,72,Red Oak,10,0,0,0,0,0,0,0,0,0,1,0,0,0,0,0,0,0,0,0,0,0,0,0
NCTP,HU,L,X,HU_L_X,72,Red Oak,11,0,0,0,0,0,0,0,0,1,0,0,0,0,0,0,2,0,0,0,0,0,0,0
NCTP,HU,L,X,HU_L_X,72,Red Oak,12,0,0,0,0,0,0,0,0,4,1,0,0,0,0,0,1,0,0,0,0,0,0,0
NCTP,HU,R,M,HU_R_M,73,Maple,1,0,0,0,0,0,0,0,0,0,0,0,0,0,0,0,0,0,0,0,0,0,0,0
NCTP,HU,R,M,HU_R_M,73,Maple,2,0,0,0,0,0,0,0,0,0,0,0,0,0,0,0,0,0,0,0,0,0,0,0
NCTP,HU,R,M,HU_R_M,73,Maple,3,0,0,0,0,0,0,0,0,0,0,0,0,0,0,0,0,0,0,0,0,0,0,0
NCTP,HU,R,M,HU_R_M,73,Maple,4,0,0,0,0,0,0,0,0,0,0,0,0,0,0,0,0,0,0,0,0,0,0,0
NCTP,HU,R,M,HU_R_M,73,Maple,5,0,0,0,0,0,0,0,0,0,0,0,0,0,0,0,0,0,0,0,0,0,0,0
NCTP,HU,R,M,HU_R_M,73,Maple,6,0,0,0,0,0,0,0,0,0,0,0,0,0,0,0,0,0,0,0,0,0,0,0
NCTP,HU,R,M,HU_R_M,73,Maple,7,0,0,0,0,0,0,0,0,0,0,0,0,0,0,0,0,0,0,0,0,0,0,0
NCTP,HU,R,M,HU_R_M,73,Maple,8,0,0,0,0,0,0,0,0,0,0,0,0,0,0,0,0,1,0,0,0,0,0,0
NCTP,HU,R,M,HU_R_M,73,Maple,9,0,0,0,0,0,0,0,0,0,0,0,0,0,0,0,0,1,0,0,0,0,0,0
NCTP,HU,R,M,HU_R_M,73,Maple,10,0,0,0,0,0,0,0,0,0,0,0,0,0,0,0,0,3,0,0,0,0,0,0
NCTP,HU,R,M,HU_R_M,73,Maple,11,0,0,0,0,0,0,0,0,0,0,0,0,0,0,0,0,0,0,0,0,0,0,0
NCTP,HU,R,M,HU_R_M,73,Maple,12,0,0,0,0,0,0,0,0,0,0,0,0,0,0,0,0,0,0,0,0,0,0,1
NCTP,HU,R,M,HU_R_M,74,Sycamore,1,0,0,0,0,0,0,0,0,0,0,0,0,0,0,0,0,0,0,0,0,0,0,0
NCTP,HU,R,M,HU_R_M,74,Sycamore,2,0,0,0,0,0,0,0,0,0,0,0,0,0,0,0,0,1,0,0,0,0,0,0
NCTP,HU,R,M,HU_R_M,74,Sycamore,3,0,0,0,0,0,0,0,0,0,0,0,0,0,0,0,0,1,0,0,0,0,0,0
NCTP,HU,R,M,HU_R_M,74,Sycamore,4,0,0,0,0,0,0,0,0,0,1,0,0,0,0,0,0,0,0,0,0,0,0,0
NCTP,HU,R,M,HU_R_M,74,Sycamore,5,0,0,0,0,0,0,0,0,0,0,1,0,0,0,0,0,0,0,0,0,0,0,0
NCTP,HU,R,M,HU_R_M,74,Sycamore,6,0,0,0,0,0,0,0,0,0,0,0,0,0,0,0,0,0,0,0,0,0,0,0
NCTP,HU,R,M,HU_R_M,74,Sycamore,7,0,0,0,0,0,0,0,0,0,0,0,0,0,0,0,0,0,0,0,0,0,0,0
NCTP,HU,R,M,HU_R_M,74,Sycamore,8,0,0,0,0,0,0,0,0,0,1,0,0,0,0,0,0,2,0,0,0,0,0,0
NCTP,HU,R,M,HU_R_M,74,Sycamore,9,0,0,0,0,0,0,0,0,0,0,0,0,0,0,0,0,2,0,0,0,0,0,0
NCTP,HU,R,M,HU_R_M,74,Sycamore,10,0,0,0,0,0,0,0,0,0,1,0,0,0,0,0,0,0,0,0,0,0,0,0
NCTP,HU,R,M,HU_R_M,74,Sycamore,11,0,0,1,0,0,0,0,0,0,0,0,0,0,0,0,0,0,0,0,0,0,0,0
NCTP,HU,R,M,HU_R_M,74,Sycamore,12,0,0,0,0,0,0,0,0,0,0,0,0,0,0,0,0,0,0,0,0,0,0,0
NCTP,HU,R,M,HU_R_M,75,Sycamore,1,0,0,0,0,0,0,0,0,0,1,0,0,0,0,0,0,0,0,2,0,0,0,0
NCTP,HU,R,M,HU_R_M,75,Sycamore,2,0,0,0,1,0,0,0,0,0,0,0,0,0,0,0,0,0,0,0,0,0,0,0
NCTP,HU,R,M,HU_R_M,75,Sycamore,3,0,0,0,0,0,0,0,0,0,0,0,0,0,0,0,0,2,0,0,0,0,0,0
NCTP,HU,R,M,HU_R_M,75,Sycamore,4,0,0,0,0,0,0,0,0,0,0,0,0,0,0,0,0,0,0,0,0,0,0,0
NCTP,HU,R,M,HU_R_M,75,Sycamore,5,0,0,0,0,0,0,0,0,0,0,0,0,0,0,0,0,0,0,1,0,0,0,0
NCTP,HU,R,M,HU_R_M,75,Sycamore,6,0,0,0,0,0,0,0,0,0,0,0,0,0,0,0,0,0,0,0,0,0,0,0
NCTP,HU,R,M,HU_R_M,75,Sycamore,7,0,0,0,0,0,0,0,0,0,0,0,0,0,0,0,0,0,0,0,0,0,0,0
NCTP,HU,R,M,HU_R_M,75,Sycamore,8,0,0,0,0,0,0,0,0,0,0,0,0,0,0,0,0,0,0,0,0,0,0,0
NCTP,HU,R,M,HU_R_M,75,Sycamore,9,0,0,0,0,0,0,0,0,0,0,0,0,0,0,0,0,1,0,0,0,0,0,0
NCTP,HU,R,M,HU_R_M,75,Sycamore,10,0,0,0,0,0,0,0,0,0,0,0,0,0,0,0,0,0,0,0,0,0,0,0
NCTP,HU,R,M,HU_R_M,75,Sycamore,11,0,0,0,0,0,0,0,0,0,0,0,0,0,0,0,0,0,0,0,0,0,0,0
NCTP,HU,R,M,HU_R_M,75,Sycamore,12,0,0,0,0,0,0,0,0,0,0,0,0,0,0,0,0,0,0,0,0,0,0,1
NCTP,HU,R,M,HU_R_M,76,White Oak,1,0,0,0,0,0,0,0,0,0,0,3,0,0,0,0,0,1,0,4,0,0,0,1
NCTP,HU,R,M,HU_R_M,76,White Oak,2,0,0,0,0,0,0,0,0,0,1,1,0,0,0,0,0,1,0,8,0,1,0,0
NCTP,HU,R,M,HU_R_M,76,White Oak,3,0,0,0,0,0,0,0,0,0,0,1,0,0,0,0,0,0,0,6,0,0,0,0
NCTP,HU,R,M,HU_R_M,76,White Oak,4,0,0,0,0,0,0,0,0,0,1,0,0,0,0,0,0,0,0,4,0,0,0,0
NCTP,HU,R,M,HU_R_M,76,White Oak,5,0,0,0,0,0,0,0,0,0,0,0,0,0,0,0,0,0,0,1,0,0,0,0
NCTP,HU,R,M,HU_R_M,76,White Oak,6,0,0,0,0,0,0,0,0,0,0,0,0,0,0,0,0,0,0,6,0,0,0,0
NCTP,HU,R,M,HU_R_M,76,White Oak,7,0,0,0,0,0,0,0,0,0,0,1,0,0,0,0,0,0,0,2,0,0,0,0
NCTP,HU,R,M,HU_R_M,76,White Oak,8,0,0,0,0,0,0,0,0,0,0,0,0,0,0,0,0,0,0,3,0,0,0,0
NCTP,HU,R,M,HU_R_M,76,White Oak,9,0,0,0,0,0,0,0,0,0,0,5,0,0,0,0,1,0,0,3,0,1,0,0
NCTP,HU,R,M,HU_R_M,76,White Oak,10,0,0,0,0,0,0,0,2,0,0,2,0,0,0,0,0,3,0,18,0,0,0,2
NCTP,HU,R,M,HU_R_M,76,White Oak,11,0,0,0,0,0,0,0,0,0,0,0,0,0,0,0,0,9,0,5,0,0,0,1
NCTP,HU,R,M,HU_R_M,76,White Oak,12,0,0,0,0,0,0,0,0,0,0,3,0,0,0,0,0,6,0,8,0,0,0,1
NCTP,HU,R,X,HU_R_X,77,Beech,1,0,0,0,0,0,0,0,0,0,1,0,0,0,0,0,1,0,0,0,0,0,0,0
NCTP,HU,R,X,HU_R_X,77,Beech,2,0,0,0,0,0,0,0,0,0,2,0,0,0,0,0,0,0,0,0,0,0,0,0
NCTP,HU,R,X,HU_R_X,77,Beech,3,0,0,0,0,0,0,0,0,0,2,1,0,0,0,0,0,2,0,0,0,0,0,0
NCTP,HU,R,X,HU_R_X,77,Beech,4,0,0,0,0,0,0,0,0,0,1,2,0,0,0,0,0,2,0,0,0,0,0,0
NCTP,HU,R,X,HU_R_X,77,Beech,5,0,0,0,0,0,0,0,0,0,1,1,0,0,0,0,0,0,0,0,0,0,0,0
NCTP,HU,R,X,HU_R_X,77,Beech,6,0,0,0,0,0,0,0,0,0,0,2,0,0,0,0,0,1,0,0,0,0,0,0
NCTP,HU,R,X,HU_R_X,77,Beech,7,0,0,0,0,0,0,0,0,0,1,1,0,0,0,0,0,0,0,0,0,2,0,0
NCTP,HU,R,X,HU_R_X,77,Beech,8,0,0,0,0,0,0,0,0,0,0,0,0,0,0,0,0,1,0,0,0,0,0,0
NCTP,HU,R,X,HU_R_X,77,Beech,9,0,0,0,0,0,0,0,0,0,1,0,0,0,0,0,1,0,0,0,0,0,0,0
NCTP,HU,R,X,HU_R_X,77,Beech,10,0,0,0,0,0,0,0,0,0,1,0,0,0,0,0,0,0,0,0,0,0,0,0
NCTP,HU,R,X,HU_R_X,77,Beech,11,0,0,0,0,0,0,0,0,0,1,0,0,0,0,0,0,0,0,0,0,0,0,0
NCTP,HU,R,X,HU_R_X,77,Beech,12,0,0,0,0,0,0,0,0,0,0,0,0,0,0,0,0,0,0,0,0,0,0,0
NCTP,HU,R,X,HU_R_X,78,Maple,1,0,0,0,0,0,0,0,0,0,0,1,0,0,0,0,0,0,0,0,0,1,0,0
NCTP,HU,R,X,HU_R_X,78,Maple,2,0,0,0,0,0,0,0,0,0,1,0,0,0,0,0,0,0,0,0,0,0,0,0
NCTP,HU,R,X,HU_R_X,78,Maple,3,0,0,0,0,0,0,0,0,0,0,0,0,0,0,0,0,0,0,0,0,1,0,0
NCTP,HU,R,X,HU_R_X,78,Maple,4,0,0,0,0,0,0,0,0,0,0,0,0,0,0,0,0,0,0,0,0,0,0,0
NCTP,HU,R,X,HU_R_X,78,Maple,5,0,0,0,0,0,0,0,0,0,0,0,0,0,0,0,0,0,0,0,0,1,0,0
NCTP,HU,R,X,HU_R_X,78,Maple,6,0,0,0,0,0,0,0,0,0,0,0,0,0,0,0,0,0,0,0,0,0,0,0
NCTP,HU,R,X,HU_R_X,78,Maple,7,0,0,0,0,0,0,0,0,0,0,0,0,0,0,0,0,0,0,0,0,0,0,0
NCTP,HU,R,X,HU_R_X,78,Maple,8,0,0,0,0,0,0,0,0,0,0,0,0,0,0,0,0,0,0,0,0,0,0,0
NCTP,HU,R,X,HU_R_X,78,Maple,9,0,0,0,0,0,0,0,0,0,0,0,0,0,0,0,0,1,0,0,0,0,0,1
NCTP,HU,R,X,HU_R_X,78,Maple,10,0,0,0,0,0,0,0,0,0,0,0,0,0,0,0,0,0,0,0,0,0,0,0
NCTP,HU,R,X,HU_R_X,78,Maple,11,0,0,0,0,0,0,0,0,0,0,0,0,0,0,0,0,0,0,0,0,0,0,0
NCTP,HU,R,X,HU_R_X,78,Maple,12,0,0,0,0,0,0,0,0,0,0,0,0,0,0,0,0,0,0,0,0,0,0,0
NCTP,HU,R,X,HU_R_X,79,Red Oak,1,0,0,0,0,0,0,0,0,0,0,0,0,0,0,0,0,1,0,0,0,0,0,0
NCTP,HU,R,X,HU_R_X,79,Red Oak,2,0,0,0,0,0,0,0,0,0,0,1,0,0,0,0,0,1,0,0,0,0,0,0
NCTP,HU,R,X,HU_R_X,79,Red Oak,3,0,0,0,0,0,0,0,0,0,1,2,0,0,0,0,0,3,0,0,0,0,0,0
NCTP,HU,R,X,HU_R_X,79,Red Oak,4,0,0,0,0,0,0,0,0,0,0,1,0,0,0,0,0,0,0,0,0,0,0,0
NCTP,HU,R,X,HU_R_X,79,Red Oak,5,0,0,0,0,0,0,0,0,0,0,1,0,0,0,0,0,1,0,0,0,0,0,0
NCTP,HU,R,X,HU_R_X,79,Red Oak,6,0,0,0,0,0,0,0,0,0,0,1,1,0,0,0,0,0,0,0,0,0,0,0
NCTP,HU,R,X,HU_R_X,79,Red Oak,7,0,0,0,0,0,0,0,0,0,2,0,0,0,0,0,0,0,0,0,0,0,0,0
NCTP,HU,R,X,HU_R_X,79,Red Oak,8,0,0,0,0,0,0,0,0,0,0,1,0,0,0,0,0,0,0,0,0,1,0,0
NCTP,HU,R,X,HU_R_X,79,Red Oak,9,0,0,0,0,0,0,0,0,0,0,0,1,0,0,0,0,0,0,0,0,1,0,0
NCTP,HU,R,X,HU_R_X,79,Red Oak,10,0,0,0,0,0,0,0,0,0,0,0,0,0,0,0,0,2,0,0,0,0,0,0
NCTP,HU,R,X,HU_R_X,79,Red Oak,11,0,0,0,0,0,0,0,0,0,0,0,0,0,0,0,0,0,0,0,0,0,0,0
NCTP,HU,R,X,HU_R_X,79,Red Oak,12,0,0,0,0,0,0,0,0,0,0,0,0,0,0,0,0,0,0,0,0,0,0,0
NCTP,HU,R,X,HU_R_X,80,White Oak,1,0,0,0,0,0,0,0,0,0,0,0,0,0,0,0,0,0,0,0,0,0,0,0
NCTP,HU,R,X,HU_R_X,80,White Oak,2,0,0,0,0,0,0,0,0,0,0,0,0,0,0,0,0,0,0,0,0,0,0,0
NCTP,HU,R,X,HU_R_X,80,White Oak,3,0,0,0,0,0,0,0,0,0,0,0,0,0,0,0,0,1,0,0,0,1,0,0
NCTP,HU,R,X,HU_R_X,80,White Oak,4,0,0,0,0,0,0,0,0,0,0,0,0,0,1,0,0,2,0,1,0,1,0,0
NCTP,HU,R,X,HU_R_X,80,White Oak,5,0,0,0,0,0,0,0,0,0,0,0,1,0,0,0,1,0,0,0,0,0,0,0
NCTP,HU,R,X,HU_R_X,80,White Oak,6,0,0,0,0,0,0,0,0,0,0,0,0,0,0,0,1,1,0,0,0,2,0,0
NCTP,HU,R,X,HU_R_X,80,White Oak,7,0,0,0,0,0,0,0,0,0,1,0,0,0,0,0,0,0,0,0,0,0,0,0
NCTP,HU,R,X,HU_R_X,80,White Oak,8,0,0,0,0,0,0,0,0,0,0,1,0,0,2,0,2,0,0,0,0,0,0,0
NCTP,HU,R,X,HU_R_X,80,White Oak,9,0,0,0,0,0,0,0,0,0,0,0,0,0,0,0,0,3,0,0,0,0,0,1
NCTP,HU,R,X,HU_R_X,80,White Oak,10,0,0,0,0,0,0,0,0,0,0,0,0,0,0,0,3,5,0,0,0,1,0,0
NCTP,HU,R,X,HU_R_X,80,White Oak,11,0,0,0,0,0,0,0,0,0,0,0,0,0,0,0,0,1,0,0,0,0,0,0
NCTP,HU,R,X,HU_R_X,80,White Oak,12,0,0,0,0,0,0,0,0,0,0,0,0,0,0,0,0,3,0,0,0,0,0,0
WAP,CL,C,M,CL_C_M,33,Beech,1,0,0,0,0,0,0,0,0,0,1,0,0,0,0,0,0,0,0,0,0,0,0,0
WAP,CL,C,M,CL_C_M,33,Beech,2,0,0,0,0,0,0,0,0,0,1,0,0,0,0,0,0,0,0,0,0,0,0,0
WAP,CL,C,M,CL_C_M,33,Beech,3,0,0,0,0,0,0,0,0,0,1,0,0,0,0,0,0,0,0,0,0,0,0,0
WAP,CL,C,M,CL_C_M,33,Beech,4,0,0,0,0,0,0,0,0,0,1,0,0,0,0,0,0,0,0,0,0,0,0,0
WAP,CL,C,M,CL_C_M,33,Beech,5,0,0,0,0,0,0,0,0,1,3,0,0,0,0,0,0,0,0,0,0,1,0,0
WAP,CL,C,M,CL_C_M,33,Beech,6,0,0,0,0,0,0,0,0,0,0,0,0,0,0,0,0,0,0,0,0,0,0,0
WAP,CL,C,M,CL_C_M,33,Beech,7,0,0,0,0,0,0,0,0,0,1,0,0,0,0,0,0,0,0,0,0,0,0,0
WAP,CL,C,M,CL_C_M,33,Beech,8,0,0,0,0,0,0,0,0,0,1,0,0,0,0,0,0,0,0,0,0,0,0,0
WAP,CL,C,M,CL_C_M,33,Beech,9,0,0,0,0,0,0,0,0,0,1,0,0,0,0,0,0,0,0,0,0,0,0,0
WAP,CL,C,M,CL_C_M,33,Beech,10,0,0,0,0,0,0,0,0,0,2,0,0,0,0,0,0,0,0,0,0,0,0,0
WAP,CL,C,M,CL_C_M,33,Beech,11,0,0,0,0,0,0,0,0,0,0,0,0,0,0,0,0,0,0,0,0,0,0,0
WAP,CL,C,M,CL_C_M,33,Beech,12,0,0,0,0,0,0,0,0,0,0,0,0,0,0,0,0,0,0,0,0,0,0,0
WAP,CL,C,M,CL_C_M,34,Maple,1,0,0,0,0,0,0,0,0,0,1,0,0,0,0,0,0,0,0,0,0,0,0,0
WAP,CL,C,M,CL_C_M,34,Maple,2,0,0,0,0,0,0,0,0,0,0,0,0,0,0,0,0,0,0,0,0,0,0,0
WAP,CL,C,M,CL_C_M,34,Maple,3,0,0,0,0,0,0,0,0,0,0,1,0,0,0,0,0,0,0,0,0,0,0,0
WAP,CL,C,M,CL_C_M,34,Maple,4,0,0,0,0,0,0,0,0,0,0,0,0,0,0,0,0,0,0,0,0,0,0,0
WAP,CL,C,M,CL_C_M,34,Maple,5,0,0,0,0,0,0,0,0,0,0,0,0,0,0,0,0,0,0,0,0,0,0,0
WAP,CL,C,M,CL_C_M,34,Maple,6,0,0,0,0,0,0,0,0,0,1,1,0,0,0,0,0,0,0,0,0,0,0,0
WAP,CL,C,M,CL_C_M,34,Maple,7,0,0,0,0,0,0,0,0,0,0,0,0,0,0,0,0,0,0,0,0,0,0,0
WAP,CL,C,M,CL_C_M,34,Maple,8,0,0,0,0,0,0,0,0,0,0,0,0,0,0,0,0,0,0,0,0,0,0,0
WAP,CL,C,M,CL_C_M,34,Maple,9,0,0,0,0,0,0,0,0,0,0,0,0,0,0,0,0,0,0,0,0,0,0,0
WAP,CL,C,M,CL_C_M,34,Maple,10,0,0,0,0,0,0,0,0,0,0,0,0,0,0,0,0,0,0,0,0,0,0,0
WAP,CL,C,M,CL_C_M,34,Maple,11,0,0,0,0,0,0,0,0,0,0,0,0,0,0,0,0,0,0,0,0,0,0,0
WAP,CL,C,M,CL_C_M,34,Maple,12,0,0,0,0,0,0,0,0,0,1,0,0,0,0,0,0,0,0,0,0,0,0,0
WAP,CL,C,M,CL_C_M,35,Tulip,1,0,0,0,0,0,0,0,0,0,0,0,0,0,0,0,0,0,0,0,0,0,0,1
WAP,CL,C,M,CL_C_M,35,Tulip,2,0,0,0,0,0,0,0,0,0,0,0,0,0,0,0,0,0,0,0,0,0,0,0
WAP,CL,C,M,CL_C_M,35,Tulip,3,0,0,0,0,0,0,0,0,0,0,0,0,0,0,0,0,0,0,0,0,0,0,0
WAP,CL,C,M,CL_C_M,35,Tulip,4,0,0,0,0,0,0,0,0,0,0,0,0,0,0,0,0,0,0,0,0,0,0,0
WAP,CL,C,M,CL_C_M,35,Tulip,5,0,0,0,0,0,0,0,0,0,0,0,0,0,0,0,0,0,0,0,0,0,0,0
WAP,CL,C,M,CL_C_M,35,Tulip,6,0,0,0,0,0,0,0,0,0,0,0,0,0,0,0,0,0,0,0,0,0,0,0
WAP,CL,C,M,CL_C_M,35,Tulip,7,0,0,0,0,0,0,0,0,0,0,0,0,0,0,0,0,1,0,0,0,1,0,0
WAP,CL,C,M,CL_C_M,35,Tulip,8,0,0,0,0,0,0,0,0,0,0,0,0,0,0,0,0,0,0,0,0,0,0,0
WAP,CL,C,M,CL_C_M,35,Tulip,9,0,0,0,0,0,0,0,0,0,0,0,0,0,0,0,0,0,0,0,0,0,0,0
WAP,CL,C,M,CL_C_M,35,Tulip,10,0,0,0,0,0,0,0,0,0,0,0,0,0,0,0,0,0,0,0,0,0,0,0
WAP,CL,C,M,CL_C_M,35,Tulip,11,0,0,0,0,0,0,0,0,0,0,0,0,0,0,0,0,0,0,0,0,0,0,0
WAP,CL,C,M,CL_C_M,35,Tulip,12,0,0,0,0,0,0,0,0,0,1,0,0,0,0,0,0,1,0,0,0,0,0,0
WAP,CL,C,M,CL_C_M,36,White Oak,1,0,0,0,0,0,0,0,0,0,0,0,0,0,0,0,0,0,0,0,0,0,0,1
WAP,CL,C,M,CL_C_M,36,White Oak,2,0,0,0,0,0,0,0,0,0,0,0,0,0,0,0,0,0,0,0,0,0,0,0
WAP,CL,C,M,CL_C_M,36,White Oak,3,0,0,0,0,0,0,0,0,0,0,0,0,0,0,0,0,0,0,0,0,1,0,0
WAP,CL,C,M,CL_C_M,36,White Oak,4,0,0,0,0,0,0,0,0,0,0,0,0,0,0,0,0,0,0,0,0,0,0,0
WAP,CL,C,M,CL_C_M,36,White Oak,5,0,0,0,0,0,0,0,0,0,1,0,0,0,0,0,0,0,0,0,0,0,0,0
WAP,CL,C,M,CL_C_M,36,White Oak,6,0,0,0,0,0,0,0,0,0,1,0,0,0,0,0,0,0,0,0,0,0,0,0
WAP,CL,C,M,CL_C_M,36,White Oak,7,0,0,0,0,0,0,0,0,0,2,0,0,0,0,0,0,0,0,0,0,0,0,0
WAP,CL,C,M,CL_C_M,36,White Oak,8,0,0,0,0,0,0,0,0,0,1,0,0,0,0,0,0,0,0,0,0,0,0,0
WAP,CL,C,M,CL_C_M,36,White Oak,9,0,0,0,0,0,0,0,0,0,2,0,0,0,0,0,0,0,0,0,0,0,0,0
WAP,CL,C,M,CL_C_M,36,White Oak,10,0,0,0,0,0,0,0,0,0,1,0,0,0,0,0,0,0,0,0,0,0,0,0
WAP,CL,C,M,CL_C_M,36,White Oak,11,0,0,0,0,0,0,0,0,0,1,0,0,0,0,0,0,0,0,0,0,0,0,1
WAP,CL,C,M,CL_C_M,36,White Oak,12,0,0,0,0,0,0,0,0,0,1,0,0,0,0,0,0,0,0,0,0,0,0,0
WAP,CL,C,X,CL_C_X,37,Hickory,1,0,0,0,0,0,0,0,0,0,0,0,0,0,0,0,0,0,0,0,0,0,0,0
WAP,CL,C,X,CL_C_X,37,Hickory,2,0,0,0,0,0,0,0,0,0,0,0,0,0,0,0,0,0,0,0,0,0,0,0
WAP,CL,C,X,CL_C_X,37,Hickory,3,0,0,0,1,0,0,0,0,0,0,0,0,0,0,0,1,0,0,0,0,0,0,0
WAP,CL,C,X,CL_C_X,37,Hickory,4,0,0,0,0,0,0,0,0,0,0,0,0,0,0,0,1,0,0,0,0,0,0,0
WAP,CL,C,X,CL_C_X,37,Hickory,5,0,0,0,0,0,0,0,0,0,0,0,0,0,0,0,1,0,0,0,0,0,0,0
WAP,CL,C,X,CL_C_X,37,Hickory,6,0,0,0,0,0,0,0,0,0,0,0,0,0,0,0,0,0,0,0,0,0,0,0
WAP,CL,C,X,CL_C_X,37,Hickory,7,0,0,0,0,0,0,0,0,0,0,0,0,0,0,0,0,0,0,0,0,0,0,0
WAP,CL,C,X,CL_C_X,37,Hickory,8,0,0,0,0,0,0,0,0,0,0,0,0,0,0,0,0,0,0,0,0,0,0,0
WAP,CL,C,X,CL_C_X,37,Hickory,9,0,0,0,0,0,0,0,0,0,0,0,0,0,0,0,0,0,0,0,0,0,0,0
WAP,CL,C,X,CL_C_X,37,Hickory,10,0,0,0,0,0,0,0,0,0,0,0,0,0,0,0,0,0,0,0,0,0,0,0
WAP,CL,C,X,CL_C_X,37,Hickory,11,0,0,0,0,0,0,0,0,0,1,0,0,0,0,0,0,0,0,0,0,0,0,0
WAP,CL,C,X,CL_C_X,37,Hickory,12,0,0,0,0,0,0,0,0,0,0,0,0,0,0,0,0,0,0,0,0,0,0,0
WAP,CL,C,X,CL_C_X,38,Maple,1,0,0,0,0,0,0,0,0,0,0,0,0,0,0,0,0,0,0,0,0,0,0,0
WAP,CL,C,X,CL_C_X,38,Maple,2,0,0,0,0,0,0,0,0,0,0,1,0,0,0,0,0,0,0,0,0,0,0,0
WAP,CL,C,X,CL_C_X,38,Maple,3,0,0,0,0,0,0,0,0,0,1,1,0,0,0,0,0,0,0,0,0,0,0,0
WAP,CL,C,X,CL_C_X,38,Maple,4,0,0,0,0,0,0,0,0,0,0,0,0,0,0,0,0,0,0,0,0,0,0,0
WAP,CL,C,X,CL_C_X,38,Maple,5,0,0,0,0,0,0,0,0,0,0,0,0,0,0,0,0,0,0,0,0,0,0,0
WAP,CL,C,X,CL_C_X,38,Maple,6,0,0,0,0,0,0,0,0,0,0,1,0,0,0,0,0,0,0,0,0,0,0,0
WAP,CL,C,X,CL_C_X,38,Maple,7,0,0,0,0,0,0,0,0,0,0,0,0,0,0,0,0,0,0,0,0,0,0,0
WAP,CL,C,X,CL_C_X,38,Maple,8,0,0,0,0,0,0,0,0,0,0,0,0,0,0,0,0,0,0,0,0,0,0,0
WAP,CL,C,X,CL_C_X,38,Maple,9,0,0,0,0,0,0,0,0,0,0,2,0,0,0,0,0,0,0,0,0,0,0,0
WAP,CL,C,X,CL_C_X,38,Maple,10,0,0,0,0,0,0,0,0,0,0,0,0,0,0,0,0,0,0,0,0,0,0,0
WAP,CL,C,X,CL_C_X,38,Maple,11,0,0,0,0,0,0,0,0,0,0,1,0,0,0,0,0,0,0,0,0,0,0,0
WAP,CL,C,X,CL_C_X,38,Maple,12,0,0,0,0,0,0,0,0,0,0,0,0,0,0,0,0,0,0,0,0,0,0,0
WAP,CL,C,X,CL_C_X,39,Red Oak,1,0,0,0,0,5,0,0,0,0,0,1,0,0,0,0,0,0,0,0,0,0,0,0
WAP,CL,C,X,CL_C_X,39,Red Oak,2,0,0,0,0,7,0,0,0,0,0,0,0,0,0,0,0,0,0,0,0,0,0,0
WAP,CL,C,X,CL_C_X,39,Red Oak,3,0,0,0,0,7,0,0,0,0,0,2,0,0,0,0,0,0,0,0,0,0,0,1
WAP,CL,C,X,CL_C_X,39,Red Oak,4,0,0,0,0,5,0,0,0,0,0,2,0,0,0,0,0,0,0,0,0,0,0,0
WAP,CL,C,X,CL_C_X,39,Red Oak,5,0,0,0,0,11,0,0,0,0,0,3,0,0,0,0,0,0,0,0,0,0,0,1
WAP,CL,C,X,CL_C_X,39,Red Oak,6,0,0,0,0,7,0,0,0,0,0,1,0,0,0,0,0,0,0,0,0,0,0,0
WAP,CL,C,X,CL_C_X,39,Red Oak,7,0,0,0,0,12,0,0,0,0,0,1,0,0,0,0,0,0,0,0,0,0,0,0
WAP,CL,C,X,CL_C_X,39,Red Oak,8,0,0,0,0,6,0,0,0,0,1,1,0,0,0,0,0,0,0,0,0,0,0,0
WAP,CL,C,X,CL_C_X,39,Red Oak,9,0,0,0,0,8,0,0,0,0,0,3,0,0,0,0,0,0,0,0,0,0,0,0
WAP,CL,C,X,CL_C_X,39,Red Oak,10,0,0,0,0,4,0,0,0,0,0,0,0,0,0,0,0,0,0,0,0,0,0,0
WAP,CL,C,X,CL_C_X,39,Red Oak,11,0,0,0,0,5,0,0,0,0,0,6,1,0,0,0,0,0,0,0,0,0,0,0
WAP,CL,C,X,CL_C_X,39,Red Oak,12,0,0,0,0,10,0,0,0,0,1,1,0,0,0,0,0,0,0,0,0,0,0,0
WAP,CL,C,X,CL_C_X,40,White Oak,1,0,0,0,0,0,0,0,0,0,0,0,0,0,0,0,0,1,0,0,0,0,0,0
WAP,CL,C,X,CL_C_X,40,White Oak,2,0,0,0,0,0,0,0,0,0,0,0,0,0,0,0,0,0,0,0,0,0,0,0
WAP,CL,C,X,CL_C_X,40,White Oak,3,0,0,0,0,0,0,0,0,0,0,0,0,0,0,0,0,0,0,0,0,0,0,0
WAP,CL,C,X,CL_C_X,40,White Oak,4,0,0,0,0,0,0,0,0,0,1,0,0,0,0,0,0,0,0,0,0,0,0,0
WAP,CL,C,X,CL_C_X,40,White Oak,5,0,0,0,0,0,0,0,0,0,0,0,0,0,0,0,0,0,0,0,0,0,0,0
WAP,CL,C,X,CL_C_X,40,White Oak,6,0,0,0,0,0,0,0,0,0,0,0,0,0,0,0,0,0,0,0,0,0,0,0
WAP,CL,C,X,CL_C_X,40,White Oak,7,0,0,0,0,0,0,0,0,0,1,0,0,0,0,0,0,0,0,0,0,0,0,0
WAP,CL,C,X,CL_C_X,40,White Oak,8,0,0,0,0,0,0,0,0,0,0,0,0,0,0,0,0,0,0,0,0,0,0,0
WAP,CL,C,X,CL_C_X,40,White Oak,9,0,0,0,0,0,0,0,0,0,1,0,0,0,0,0,0,1,0,0,0,0,0,0
WAP,CL,C,X,CL_C_X,40,White Oak,10,0,0,0,0,0,0,0,0,0,0,0,0,0,0,0,0,0,0,0,0,0,0,0
WAP,CL,C,X,CL_C_X,40,White Oak,11,0,0,0,0,0,0,0,0,0,0,0,0,0,0,0,0,2,0,0,0,0,0,0
WAP,CL,C,X,CL_C_X,40,White Oak,12,0,0,0,0,0,0,0,0,0,0,0,0,0,0,0,0,0,0,0,0,0,0,0
WAP,CL,M,M,CL_M_M,41,Maple,1,0,0,0,0,1,0,0,0,0,2,0,0,0,0,0,0,1,0,0,0,0,0,0
WAP,CL,M,M,CL_M_M,41,Maple,2,0,0,0,0,1,0,0,0,0,0,1,0,0,0,0,0,1,0,0,0,0,0,2
WAP,CL,M,M,CL_M_M,41,Maple,3,0,0,0,0,0,0,0,0,0,1,0,1,0,0,0,0,0,0,0,0,0,0,0
WAP,CL,M,M,CL_M_M,41,Maple,4,0,0,0,0,0,0,0,0,0,0,0,0,0,0,0,0,0,0,0,0,0,0,1
WAP,CL,M,M,CL_M_M,41,Maple,5,0,0,0,0,2,0,0,0,0,0,1,0,0,0,0,0,0,0,0,0,0,0,0
WAP,CL,M,M,CL_M_M,41,Maple,6,0,0,0,0,2,0,0,0,0,2,0,0,0,0,0,0,0,0,1,0,0,0,0
WAP,CL,M,M,CL_M_M,41,Maple,7,0,0,0,0,2,0,0,0,0,1,0,0,0,0,0,0,0,0,0,0,0,0,0
WAP,CL,M,M,CL_M_M,41,Maple,8,0,0,0,0,2,0,0,0,0,0,1,1,0,0,0,0,0,0,0,0,0,0,0
WAP,CL,M,M,CL_M_M,41,Maple,9,0,0,1,0,0,0,0,0,0,0,0,0,0,0,0,0,1,0,0,1,0,0,1
WAP,CL,M,M,CL_M_M,41,Maple,10,0,0,0,0,0,0,0,0,0,0,0,0,0,0,0,0,2,0,0,0,0,0,0
WAP,CL,M,M,CL_M_M,41,Maple,11,0,0,0,0,1,0,0,0,0,0,0,1,0,0,0,0,0,0,0,1,0,0,0
WAP,CL,M,M,CL_M_M,41,Maple,12,0,0,0,0,0,0,0,0,0,0,0,0,0,0,0,0,0,0,0,0,0,0,0
WAP,CL,M,M,CL_M_M,42,Tulip,1,0,0,0,0,0,0,0,0,0,0,0,0,0,0,0,0,0,0,0,0,0,0,1
WAP,CL,M,M,CL_M_M,42,Tulip,2,0,0,0,0,0,0,0,0,0,0,0,0,0,0,0,0,0,0,0,0,0,0,0
WAP,CL,M,M,CL_M_M,42,Tulip,3,0,0,0,0,0,0,0,0,0,0,0,0,0,0,0,0,0,0,0,0,1,0,3
WAP,CL,M,M,CL_M_M,42,Tulip,4,0,0,0,0,0,0,0,0,0,0,0,0,0,0,0,0,0,0,0,0,0,0,2
WAP,CL,M,M,CL_M_M,42,Tulip,5,0,0,0,0,0,0,0,0,0,1,0,0,0,0,0,0,0,0,0,0,1,0,0
WAP,CL,M,M,CL_M_M,42,Tulip,6,0,0,0,0,0,0,0,0,0,0,0,0,0,0,0,0,0,0,0,0,0,0,1
WAP,CL,M,M,CL_M_M,42,Tulip,7,0,0,0,0,0,0,0,0,0,0,0,0,0,0,0,0,1,0,0,0,1,0,1
WAP,CL,M,M,CL_M_M,42,Tulip,8,0,0,0,0,0,0,0,0,0,0,0,0,0,0,0,0,0,0,0,0,2,0,1
WAP,CL,M,M,CL_M_M,42,Tulip,9,0,0,0,0,0,0,0,0,0,0,0,0,0,0,0,0,0,0,0,0,0,0,2
WAP,CL,M,M,CL_M_M,42,Tulip,10,0,0,0,0,0,0,0,0,0,0,0,0,0,0,0,0,0,0,0,0,0,0,0
WAP,CL,M,M,CL_M_M,42,Tulip,11,0,0,0,0,0,0,0,0,0,1,0,0,0,0,0,0,0,0,0,0,0,0,0
WAP,CL,M,M,CL_M_M,42,Tulip,12,0,0,0,0,0,0,0,0,1,0,0,0,0,0,0,0,0,0,0,0,0,0,0
WAP,CL,M,M,CL_M_M,43,White Oak,1,0,0,0,0,0,0,0,0,0,0,0,0,0,0,0,0,0,0,0,0,0,0,0
WAP,CL,M,M,CL_M_M,43,White Oak,2,0,0,0,0,0,0,0,0,0,0,0,0,0,0,0,0,0,0,0,0,0,0,0
WAP,CL,M,M,CL_M_M,43,White Oak,3,0,0,0,0,0,0,0,0,0,0,0,0,0,0,0,0,0,0,0,0,0,0,0
WAP,CL,M,M,CL_M_M,43,White Oak,4,0,0,0,0,0,0,0,0,0,0,0,0,0,0,0,0,0,0,0,0,0,0,0
WAP,CL,M,M,CL_M_M,43,White Oak,5,0,0,0,0,0,0,0,0,0,0,0,0,0,0,0,0,0,0,0,0,0,0,0
WAP,CL,M,M,CL_M_M,43,White Oak,6,0,0,0,0,0,0,0,0,0,0,0,0,0,0,0,0,0,0,0,0,0,0,0
WAP,CL,M,M,CL_M_M,43,White Oak,7,0,0,0,0,0,0,0,0,0,0,0,0,0,0,0,0,0,0,0,0,0,0,0
WAP,CL,M,M,CL_M_M,43,White Oak,8,0,0,0,0,0,0,0,0,0,0,0,0,0,0,0,0,0,0,0,0,0,0,0
WAP,CL,M,M,CL_M_M,43,White Oak,9,0,0,0,0,0,0,0,0,0,0,0,0,0,0,0,0,0,0,0,0,0,0,0
WAP,CL,M,M,CL_M_M,43,White Oak,10,0,0,0,0,0,0,0,0,0,0,0,0,0,0,0,0,0,0,0,0,0,0,0
WAP,CL,M,M,CL_M_M,43,White Oak,11,0,0,0,0,0,0,0,0,0,0,0,0,0,0,0,0,0,0,0,0,0,0,0
WAP,CL,M,M,CL_M_M,43,White Oak,12,0,0,0,0,0,0,0,0,0,0,0,0,0,0,0,0,0,0,0,0,0,0,0
WAP,CL,M,M,CL_M_M,44,White Oak,1,0,0,0,0,0,0,0,0,0,0,0,0,0,0,0,0,0,0,0,0,0,0,0
WAP,CL,M,M,CL_M_M,44,White Oak,2,0,0,0,0,0,0,0,0,0,0,0,0,0,0,0,0,0,0,0,0,0,0,0
WAP,CL,M,M,CL_M_M,44,White Oak,3,0,0,0,0,0,0,0,0,0,0,0,0,0,0,0,0,0,0,0,0,0,0,1
WAP,CL,M,M,CL_M_M,44,White Oak,4,0,0,0,0,0,0,0,0,0,0,0,0,0,0,0,0,0,0,0,0,0,0,1
WAP,CL,M,M,CL_M_M,44,White Oak,5,0,0,0,0,0,0,0,0,0,0,0,0,0,0,0,0,0,0,0,0,0,0,0
WAP,CL,M,M,CL_M_M,44,White Oak,6,0,0,0,0,0,0,0,0,0,0,0,0,0,0,0,0,0,0,0,0,0,0,0
WAP,CL,M,M,CL_M_M,44,White Oak,7,0,0,0,0,0,0,0,0,0,0,0,0,0,0,0,0,0,0,0,0,0,0,0
WAP,CL,M,M,CL_M_M,44,White Oak,8,0,0,0,0,0,0,0,0,0,0,0,0,0,0,0,0,0,0,0,0,0,0,0
WAP,CL,M,M,CL_M_M,44,White Oak,9,0,0,0,0,0,0,0,0,0,0,0,0,0,0,0,0,0,0,0,0,0,0,1
WAP,CL,M,M,CL_M_M,44,White Oak,10,0,0,0,0,0,0,0,0,0,0,0,0,0,0,0,0,0,0,0,0,0,0,0
WAP,CL,M,M,CL_M_M,44,White Oak,11,0,0,0,0,0,0,0,0,0,0,0,0,0,0,0,0,0,0,0,0,0,0,2
WAP,CL,M,M,CL_M_M,44,White Oak,12,0,0,0,0,0,0,0,0,0,0,0,0,0,0,0,0,0,0,0,0,0,0,0
WAP,CL,M,X,CL_M_X,45,Hickory,1,0,0,0,0,0,0,0,0,0,1,0,0,0,0,0,0,0,0,0,1,0,0,0
WAP,CL,M,X,CL_M_X,45,Hickory,2,0,0,0,0,0,0,0,0,0,0,0,0,0,0,0,0,0,0,0,0,0,0,1
WAP,CL,M,X,CL_M_X,45,Hickory,3,0,0,0,0,0,0,0,0,0,1,0,0,0,0,0,0,0,0,0,0,0,0,1
WAP,CL,M,X,CL_M_X,45,Hickory,4,0,0,0,0,0,0,0,0,0,1,0,0,0,0,0,0,0,0,1,0,0,0,0
WAP,CL,M,X,CL_M_X,45,Hickory,5,0,0,0,0,0,0,0,0,0,0,0,0,0,0,0,0,0,0,0,0,0,0,0
WAP,CL,M,X,CL_M_X,45,Hickory,6,0,0,0,0,0,0,0,0,0,1,0,1,0,0,0,0,0,0,0,1,0,0,0
WAP,CL,M,X,CL_M_X,45,Hickory,7,0,0,0,0,0,0,0,0,0,0,0,1,0,0,0,0,0,0,0,0,0,0,0
WAP,CL,M,X,CL_M_X,45,Hickory,8,0,0,0,0,0,0,0,0,0,0,1,0,0,0,0,0,0,0,0,0,0,0,0
WAP,CL,M,X,CL_M_X,45,Hickory,9,0,0,0,0,0,0,0,0,0,0,0,0,0,0,0,1,0,0,0,0,0,0,0
WAP,CL,M,X,CL_M_X,45,Hickory,10,0,0,0,0,0,0,0,0,0,0,0,0,0,0,0,2,0,0,0,1,0,0,0
WAP,CL,M,X,CL_M_X,45,Hickory,11,0,0,0,0,0,0,0,0,0,0,0,0,0,0,0,1,0,0,0,1,0,0,1
WAP,CL,M,X,CL_M_X,45,Hickory,12,0,0,0,0,0,0,0,0,0,0,0,0,0,0,0,2,0,0,0,2,0,0,0
WAP,CL,M,X,CL_M_X,46,Maple,1,0,0,0,0,0,0,0,0,0,0,0,0,0,0,0,0,0,0,0,0,0,0,1
WAP,CL,M,X,CL_M_X,46,Maple,2,0,0,0,0,0,0,0,0,0,0,0,0,0,0,0,0,0,0,0,0,0,0,1
WAP,CL,M,X,CL_M_X,46,Maple,3,0,0,0,0,0,0,0,0,0,1,0,0,0,0,0,0,0,0,0,0,0,0,1
WAP,CL,M,X,CL_M_X,46,Maple,4,0,0,0,0,0,0,0,0,0,1,0,0,0,0,0,0,0,0,0,0,0,0,0
WAP,CL,M,X,CL_M_X,46,Maple,5,0,0,0,0,0,0,0,0,0,0,0,0,0,0,0,0,0,0,0,0,0,0,0
WAP,CL,M,X,CL_M_X,46,Maple,6,0,0,0,0,0,0,0,0,0,0,0,0,0,0,0,0,0,0,0,1,0,0,1
WAP,CL,M,X,CL_M_X,46,Maple,7,0,0,0,0,0,0,0,0,0,1,0,0,0,0,0,0,0,0,0,1,0,0,0
WAP,CL,M,X,CL_M_X,46,Maple,8,0,0,0,0,0,0,0,0,0,0,0,0,0,0,0,0,0,0,0,0,0,0,0
WAP,CL,M,X,CL_M_X,46,Maple,9,0,0,0,0,0,0,0,0,0,0,0,0,0,0,0,0,0,0,0,1,0,0,2
WAP,CL,M,X,CL_M_X,46,Maple,10,0,0,0,0,0,0,0,0,0,0,0,0,0,0,0,0,0,0,0,0,0,0,1
WAP,CL,M,X,CL_M_X,46,Maple,11,0,0,0,0,0,0,0,0,0,0,0,0,0,0,0,0,0,0,0,0,1,0,1
WAP,CL,M,X,CL_M_X,46,Maple,12,0,0,0,0,0,0,0,0,0,1,0,0,0,0,0,0,0,0,0,0,0,0,2
WAP,CL,M,X,CL_M_X,47,Red Oak,1,0,0,0,0,0,0,1,0,1,0,0,0,0,0,0,5,0,0,0,0,0,0,0
WAP,CL,M,X,CL_M_X,47,Red Oak,2,0,0,0,0,0,0,0,0,1,1,0,0,0,0,0,7,0,0,0,0,0,0,0
WAP,CL,M,X,CL_M_X,47,Red Oak,3,0,0,0,0,0,0,0,0,1,1,0,0,0,0,0,3,0,0,0,0,0,0,0
WAP,CL,M,X,CL_M_X,47,Red Oak,4,0,0,0,0,0,0,0,0,1,0,0,0,0,0,0,4,0,0,0,1,0,0,0
WAP,CL,M,X,CL_M_X,47,Red Oak,5,0,0,0,0,0,0,0,0,1,1,0,0,0,0,0,4,0,0,0,0,0,0,0
WAP,CL,M,X,CL_M_X,47,Red Oak,6,0,0,0,0,0,0,0,0,0,1,0,0,0,0,0,4,0,0,0,0,0,0,0
WAP,CL,M,X,CL_M_X,47,Red Oak,7,0,0,0,0,0,0,0,0,0,0,0,0,0,0,0,2,0,0,0,0,0,0,0
WAP,CL,M,X,CL_M_X,47,Red Oak,8,0,0,0,0,0,0,0,0,0,3,0,1,0,0,0,4,0,0,0,0,0,0,0
WAP,CL,M,X,CL_M_X,47,Red Oak,9,0,0,0,0,0,0,0,0,0,0,0,0,0,0,0,6,0,0,0,0,0,0,0
WAP,CL,M,X,CL_M_X,47,Red Oak,10,0,0,0,0,0,0,0,0,1,1,0,0,0,0,0,4,0,0,0,0,0,0,0
WAP,CL,M,X,CL_M_X,47,Red Oak,11,0,0,0,0,0,0,0,0,1,0,0,0,0,0,0,6,0,0,0,0,0,0,0
WAP,CL,M,X,CL_M_X,47,Red Oak,12,0,0,0,0,0,0,0,0,0,1,0,0,0,0,0,5,0,0,1,0,0,0,0
WAP,CL,M,X,CL_M_X,48,White Oak,1,0,2,0,0,0,0,0,0,1,1,0,0,0,0,0,0,0,0,0,0,0,0,0
WAP,CL,M,X,CL_M_X,48,White Oak,2,0,0,0,0,0,0,0,0,0,0,0,0,0,0,0,0,0,0,1,0,0,0,0
WAP,CL,M,X,CL_M_X,48,White Oak,3,0,0,0,0,0,0,0,0,0,1,0,0,0,0,0,0,0,0,0,0,0,0,0
WAP,CL,M,X,CL_M_X,48,White Oak,4,0,0,0,0,0,0,0,0,0,0,0,0,0,0,0,0,0,0,0,0,0,0,1
WAP,CL,M,X,CL_M_X,48,White Oak,5,0,0,0,0,0,0,0,0,1,0,0,0,0,0,0,0,0,0,0,0,0,0,0
WAP,CL,M,X,CL_M_X,48,White Oak,6,0,0,0,0,0,0,0,0,1,0,0,0,0,0,0,0,0,0,0,0,0,0,0
WAP,CL,M,X,CL_M_X,48,White Oak,7,0,0,0,0,0,0,0,0,1,0,0,0,0,0,0,0,0,0,0,0,0,0,0
WAP,CL,M,X,CL_M_X,48,White Oak,8,0,0,0,0,0,0,0,1,0,0,0,0,0,0,0,0,0,0,0,0,1,0,0
WAP,CL,M,X,CL_M_X,48,White Oak,9,0,0,1,0,0,0,0,0,0,1,0,0,0,0,0,0,0,0,0,0,0,0,0
WAP,CL,M,X,CL_M_X,48,White Oak,10,0,0,1,0,0,0,0,0,0,3,0,0,0,0,0,0,0,0,1,0,0,1,1
WAP,CL,M,X,CL_M_X,48,White Oak,11,0,0,0,0,0,0,0,0,0,0,0,0,0,0,0,0,0,0,0,0,0,0,0
WAP,CL,M,X,CL_M_X,48,White Oak,12,0,1,0,0,0,0,0,0,0,0,0,0,0,0,0,0,0,0,0,0,1,0,0
WAP,ED,C,M,ED_C_M,49,Beech,1,0,0,0,0,0,0,0,0,0,1,0,0,0,0,0,0,0,0,0,0,0,0,0
WAP,ED,C,M,ED_C_M,49,Beech,2,0,0,0,0,0,0,0,0,0,1,1,0,0,0,0,0,0,0,0,0,0,0,0
WAP,ED,C,M,ED_C_M,49,Beech,3,0,0,0,0,0,0,0,0,0,0,1,0,0,0,0,0,1,0,0,0,0,0,0
WAP,ED,C,M,ED_C_M,49,Beech,4,0,1,0,0,0,0,0,0,0,1,1,2,0,0,0,0,0,0,0,0,0,0,0
WAP,ED,C,M,ED_C_M,49,Beech,5,0,0,0,0,0,0,0,0,0,2,1,0,0,0,0,0,0,0,0,0,0,0,0
WAP,ED,C,M,ED_C_M,49,Beech,6,0,0,0,0,0,0,0,0,0,1,0,0,0,0,0,0,0,0,1,0,0,0,0
WAP,ED,C,M,ED_C_M,49,Beech,7,0,0,0,0,0,0,0,0,0,0,0,0,0,0,0,0,0,0,0,0,0,0,0
WAP,ED,C,M,ED_C_M,49,Beech,8,0,0,0,0,0,0,0,0,0,3,0,0,0,0,0,0,0,0,0,0,0,0,0
WAP,ED,C,M,ED_C_M,49,Beech,9,0,1,0,0,0,0,0,0,0,1,1,1,0,0,0,0,0,0,0,0,0,0,0
WAP,ED,C,M,ED_C_M,49,Beech,10,0,0,0,0,0,0,0,0,0,3,0,0,0,0,0,0,0,0,0,0,0,0,0
WAP,ED,C,M,ED_C_M,49,Beech,11,0,0,0,0,0,0,0,0,0,0,0,0,0,0,0,0,0,0,0,0,1,0,0
WAP,ED,C,M,ED_C_M,49,Beech,12,0,0,0,0,0,0,0,0,0,0,0,0,0,0,0,0,0,0,0,0,0,0,0
WAP,ED,C,M,ED_C_M,50,Maple,1,0,0,0,0,0,0,0,0,0,2,0,0,0,0,0,0,0,0,0,0,0,0,0
WAP,ED,C,M,ED_C_M,50,Maple,2,0,0,0,0,0,0,0,0,0,0,0,2,0,0,0,0,3,0,0,0,0,0,0
WAP,ED,C,M,ED_C_M,50,Maple,3,0,0,0,0,0,0,0,0,0,0,0,0,1,0,0,0,0,0,0,0,0,0,0
WAP,ED,C,M,ED_C_M,50,Maple,4,0,0,0,0,0,0,0,0,0,0,0,1,0,0,0,0,0,0,0,0,0,0,0
WAP,ED,C,M,ED_C_M,50,Maple,5,0,0,0,0,0,0,0,0,0,2,0,0,0,0,0,0,0,0,0,0,0,0,0
WAP,ED,C,M,ED_C_M,50,Maple,6,0,0,0,0,0,0,0,0,0,0,0,1,2,0,0,0,0,0,0,0,0,0,0
WAP,ED,C,M,ED_C_M,50,Maple,7,0,0,0,0,0,0,0,0,0,2,0,0,0,0,0,0,2,0,0,0,0,0,0
WAP,ED,C,M,ED_C_M,50,Maple,8,0,0,0,0,0,0,0,0,0,0,0,0,0,0,0,0,1,0,0,0,0,0,0
WAP,ED,C,M,ED_C_M,50,Maple,9,0,0,0,0,0,0,0,0,0,0,0,0,0,0,0,0,0,0,0,0,0,0,0
WAP,ED,C,M,ED_C_M,50,Maple,10,0,0,0,0,0,0,0,0,0,0,0,0,0,0,0,0,0,0,0,0,0,0,0
WAP,ED,C,M,ED_C_M,50,Maple,11,0,0,0,0,0,0,0,0,0,0,0,0,0,0,0,0,0,0,0,0,0,0,0
WAP,ED,C,M,ED_C_M,50,Maple,12,0,0,0,0,0,0,0,0,0,0,0,0,0,0,0,0,1,0,0,0,0,0,0
WAP,ED,C,M,ED_C_M,51,Maple,1,0,0,0,0,0,0,0,0,0,1,0,0,0,0,0,0,0,0,10,0,1,0,0
WAP,ED,C,M,ED_C_M,51,Maple,2,0,0,0,0,0,0,0,0,0,2,0,0,0,0,0,0,0,0,0,0,0,0,0
WAP,ED,C,M,ED_C_M,51,Maple,3,0,0,0,0,0,0,0,0,0,1,0,0,0,0,0,0,0,0,0,0,0,0,0
WAP,ED,C,M,ED_C_M,51,Maple,4,0,0,0,0,0,0,0,0,0,3,0,0,0,0,0,0,0,0,0,0,0,0,0
WAP,ED,C,M,ED_C_M,51,Maple,5,0,0,0,0,0,0,0,0,0,1,0,0,0,0,0,0,0,0,0,0,0,0,0
WAP,ED,C,M,ED_C_M,51,Maple,6,0,0,0,0,0,0,0,0,0,1,0,0,0,0,0,0,0,0,0,0,0,0,0
WAP,ED,C,M,ED_C_M,51,Maple,7,0,0,0,0,0,0,0,0,0,2,0,0,0,0,0,0,0,0,1,0,0,0,0
WAP,ED,C,M,ED_C_M,51,Maple,8,0,0,0,0,0,0,0,0,0,1,0,0,0,0,0,0,1,0,0,0,0,0,0
WAP,ED,C,M,ED_C_M,51,Maple,9,0,0,0,0,0,0,0,0,0,0,0,0,0,0,0,0,1,0,0,0,1,0,0
WAP,ED,C,M,ED_C_M,51,Maple,10,0,0,0,0,0,0,0,0,0,0,0,0,0,0,0,0,0,0,0,0,0,0,0
WAP,ED,C,M,ED_C_M,51,Maple,11,0,0,0,0,0,0,0,0,0,0,0,0,0,0,0,0,0,0,0,0,0,0,0
WAP,ED,C,M,ED_C_M,51,Maple,12,0,0,0,0,0,0,0,0,0,0,0,0,0,0,0,0,0,0,0,0,0,0,0
WAP,ED,C,M,ED_C_M,52,Red Oak,1,0,0,0,0,0,0,0,0,0,1,0,0,1,0,0,0,0,0,0,0,0,0,0
WAP,ED,C,M,ED_C_M,52,Red Oak,2,0,6,0,0,0,0,0,0,0,0,0,1,0,0,0,0,0,0,0,0,0,0,0
WAP,ED,C,M,ED_C_M,52,Red Oak,3,0,4,0,0,0,0,0,0,0,4,0,0,0,0,0,0,0,0,0,0,0,0,0
WAP,ED,C,M,ED_C_M,52,Red Oak,4,0,1,0,0,0,0,0,0,0,1,0,0,0,0,0,0,0,0,0,0,0,0,0
WAP,ED,C,M,ED_C_M,52,Red Oak,5,0,0,0,0,0,0,0,0,0,3,0,0,0,0,0,0,0,0,0,0,0,0,0
WAP,ED,C,M,ED_C_M,52,Red Oak,6,0,6,0,0,0,0,0,0,0,0,0,0,0,0,0,0,0,0,0,0,0,0,0
WAP,ED,C,M,ED_C_M,52,Red Oak,7,0,3,0,0,0,0,0,0,0,1,0,0,0,0,0,0,0,0,0,0,0,0,0
WAP,ED,C,M,ED_C_M,52,Red Oak,8,0,1,0,0,0,0,0,0,0,1,0,0,0,0,0,0,0,0,0,0,0,0,0
WAP,ED,C,M,ED_C_M,52,Red Oak,9,0,2,0,0,0,0,0,0,0,0,0,0,0,0,0,0,0,0,0,0,0,0,0
WAP,ED,C,M,ED_C_M,52,Red Oak,10,0,1,0,0,0,0,0,0,0,0,0,0,1,0,0,0,0,0,0,0,0,0,0
WAP,ED,C,M,ED_C_M,52,Red Oak,11,0,1,0,0,0,0,0,0,0,0,0,0,0,0,0,0,0,0,0,0,0,0,0
WAP,ED,C,M,ED_C_M,52,Red Oak,12,0,12,0,0,0,0,0,0,0,0,0,0,0,0,0,0,0,0,0,0,0,0,1
WAP,ED,C,X,ED_C_X,53,Maple,1,0,0,0,0,0,0,0,0,0,0,0,0,0,1,0,0,0,0,0,0,0,0,0
WAP,ED,C,X,ED_C_X,53,Maple,2,0,0,0,0,0,0,0,0,0,0,0,0,0,1,0,0,0,0,0,0,0,0,0
WAP,ED,C,X,ED_C_X,53,Maple,3,0,0,0,0,0,0,0,0,0,0,0,0,0,0,0,0,0,0,0,0,0,0,0
WAP,ED,C,X,ED_C_X,53,Maple,4,0,0,0,0,0,0,0,0,0,0,0,0,0,8,0,0,0,0,0,0,0,0,0
WAP,ED,C,X,ED_C_X,53,Maple,5,0,0,0,0,0,0,0,0,0,0,0,0,0,1,0,0,0,0,0,0,0,0,0
WAP,ED,C,X,ED_C_X,53,Maple,6,0,0,0,0,0,0,0,0,0,0,0,0,0,0,0,0,0,0,0,0,0,0,0
WAP,ED,C,X,ED_C_X,53,Maple,7,0,0,0,0,0,0,0,0,0,1,0,0,0,12,0,0,0,0,0,0,0,0,0
WAP,ED,C,X,ED_C_X,53,Maple,8,0,0,0,0,0,0,0,0,0,0,0,1,0,1,0,0,0,0,0,0,0,0,0
WAP,ED,C,X,ED_C_X,53,Maple,9,0,0,0,0,0,0,0,0,0,0,0,0,0,0,0,0,0,0,0,0,0,0,0
WAP,ED,C,X,ED_C_X,53,Maple,10,0,2,0,0,0,0,0,0,0,0,0,0,0,1,0,0,0,0,0,0,0,0,0
WAP,ED,C,X,ED_C_X,53,Maple,11,0,0,0,0,0,0,0,0,0,1,0,0,0,0,0,0,0,0,0,0,0,0,0
WAP,ED,C,X,ED_C_X,53,Maple,12,0,0,0,0,0,0,0,0,1,1,0,0,0,0,0,0,0,0,0,0,0,0,0
WAP,ED,C,X,ED_C_X,54,Red Oak,1,0,0,0,0,0,0,0,0,0,0,0,1,0,3,0,0,0,0,0,0,0,0,0
WAP,ED,C,X,ED_C_X,54,Red Oak,2,0,2,0,0,0,0,0,0,0,1,0,0,0,3,0,0,0,0,0,0,0,0,0
WAP,ED,C,X,ED_C_X,54,Red Oak,3,0,3,0,0,0,0,0,0,0,1,0,0,0,2,0,0,0,0,0,0,0,0,0
WAP,ED,C,X,ED_C_X,54,Red Oak,4,0,0,0,0,0,0,0,0,0,0,0,0,0,4,0,0,0,0,0,0,0,0,0
WAP,ED,C,X,ED_C_X,54,Red Oak,5,0,1,0,0,0,0,0,0,0,3,0,0,0,2,0,0,0,0,0,0,0,0,0
WAP,ED,C,X,ED_C_X,54,Red Oak,6,0,0,0,0,0,0,0,0,0,2,0,1,0,3,0,0,0,0,1,0,0,0,0
WAP,ED,C,X,ED_C_X,54,Red Oak,7,0,0,0,0,0,0,0,0,0,2,0,0,0,1,0,0,0,0,0,0,0,0,0
WAP,ED,C,X,ED_C_X,54,Red Oak,8,0,0,0,0,0,0,0,0,1,2,0,1,0,2,0,0,0,0,0,0,0,0,0
WAP,ED,C,X,ED_C_X,54,Red Oak,9,0,0,0,0,0,0,0,0,0,1,0,1,0,3,0,0,0,0,0,0,0,0,0
WAP,ED,C,X,ED_C_X,54,Red Oak,10,0,0,0,0,0,0,0,0,0,0,0,0,0,0,0,0,0,0,0,0,0,0,0
WAP,ED,C,X,ED_C_X,54,Red Oak,11,0,0,0,0,0,0,0,0,0,0,0,0,0,3,0,0,0,0,0,0,0,0,0
WAP,ED,C,X,ED_C_X,54,Red Oak,12,0,0,0,0,0,0,0,0,0,0,0,0,0,0,0,0,0,0,0,0,0,0,0
WAP,ED,C,X,ED_C_X,55,White Oak,1,0,0,0,0,0,0,0,0,0,0,0,0,0,0,0,0,0,0,0,0,0,0,0
WAP,ED,C,X,ED_C_X,55,White Oak,2,0,0,0,0,0,0,0,0,0,2,0,0,0,0,0,0,0,0,0,0,0,0,0
WAP,ED,C,X,ED_C_X,55,White Oak,3,0,0,0,0,0,0,0,0,0,0,0,0,0,0,0,0,0,0,0,0,1,0,0
WAP,ED,C,X,ED_C_X,55,White Oak,4,0,1,0,0,0,0,1,0,0,0,0,0,0,0,0,0,0,0,0,0,0,0,0
WAP,ED,C,X,ED_C_X,55,White Oak,5,0,0,0,0,0,0,0,0,2,1,0,0,0,0,0,0,0,0,0,0,0,0,0
WAP,ED,C,X,ED_C_X,55,White Oak,6,0,0,0,0,0,0,0,0,0,0,0,0,0,0,0,0,0,0,0,0,2,0,0
WAP,ED,C,X,ED_C_X,55,White Oak,7,0,0,0,0,0,0,0,0,0,0,0,0,0,0,0,0,0,0,0,0,1,0,0
WAP,ED,C,X,ED_C_X,55,White Oak,8,0,0,0,0,0,0,0,0,0,0,0,0,0,11,0,0,0,0,0,0,0,0,0
WAP,ED,C,X,ED_C_X,55,White Oak,9,0,0,0,0,0,0,0,0,0,1,0,0,0,2,0,0,0,0,0,0,1,0,1
WAP,ED,C,X,ED_C_X,55,White Oak,10,0,1,0,0,0,0,0,0,0,1,0,0,0,0,0,0,0,0,0,0,2,0,0
WAP,ED,C,X,ED_C_X,55,White Oak,11,0,0,0,0,0,0,1,1,0,0,0,0,0,2,0,0,0,0,0,0,0,0,0
WAP,ED,C,X,ED_C_X,55,White Oak,12,0,1,0,0,0,0,0,0,0,1,0,0,0,1,0,0,0,0,0,0,2,0,0
WAP,ED,C,X,ED_C_X,56,White Oak,1,0,1,0,0,0,0,0,0,5,0,2,0,0,0,0,0,0,0,0,0,1,0,0
WAP,ED,C,X,ED_C_X,56,White Oak,2,0,1,0,0,0,0,0,0,5,1,0,0,0,0,0,0,0,0,0,0,2,0,1
WAP,ED,C,X,ED_C_X,56,White Oak,3,0,0,0,0,0,0,0,0,5,1,0,0,0,0,0,0,0,0,0,0,0,0,0
WAP,ED,C,X,ED_C_X,56,White Oak,4,0,5,0,0,0,0,0,0,6,1,1,0,0,0,0,0,0,0,0,0,7,0,3
WAP,ED,C,X,ED_C_X,56,White Oak,5,0,0,0,0,0,0,0,0,5,1,0,0,0,0,0,0,0,0,0,0,3,0,0
WAP,ED,C,X,ED_C_X,56,White Oak,6,0,4,0,0,0,0,0,0,2,2,0,0,0,0,0,0,0,0,0,0,7,0,1
WAP,ED,C,X,ED_C_X,56,White Oak,7,0,3,0,0,0,0,0,0,1,1,1,0,0,0,0,0,0,0,0,0,2,0,1
WAP,ED,C,X,ED_C_X,56,White Oak,8,0,2,0,0,0,0,0,0,0,0,0,0,0,0,0,0,0,0,0,0,1,0,0
WAP,ED,C,X,ED_C_X,56,White Oak,9,0,0,0,0,0,0,0,0,6,1,0,0,0,0,0,0,0,0,0,0,1,0,0
WAP,ED,C,X,ED_C_X,56,White Oak,10,0,0,0,0,0,0,0,0,3,0,1,0,0,0,0,0,0,0,0,0,0,0,0
WAP,ED,C,X,ED_C_X,56,White Oak,11,0,0,0,0,0,0,0,0,0,0,0,0,0,0,0,0,0,0,0,0,0,0,0
WAP,ED,C,X,ED_C_X,56,White Oak,12,0,4,0,0,0,0,0,0,4,1,0,0,0,0,0,0,0,0,0,0,1,0,0
WAP,ED,L,M,ED_L_M,57,Beech,1,1,2,0,0,0,0,0,0,0,0,0,0,0,0,0,0,0,0,3,0,1,0,0
WAP,ED,L,M,ED_L_M,57,Beech,2,0,1,0,0,0,0,0,0,0,0,2,0,0,0,0,0,0,0,1,0,0,0,0
WAP,ED,L,M,ED_L_M,57,Beech,3,1,0,0,0,0,0,0,0,0,3,0,0,0,0,0,0,0,0,0,0,0,0,0
WAP,ED,L,M,ED_L_M,57,Beech,4,0,0,0,0,0,0,0,0,0,1,0,0,0,0,0,0,0,0,0,0,1,0,0
WAP,ED,L,M,ED_L_M,57,Beech,5,0,0,0,0,0,0,0,0,0,0,0,0,0,0,0,0,0,0,0,0,0,0,0
WAP,ED,L,M,ED_L_M,57,Beech,6,0,0,0,0,0,0,0,0,0,2,0,0,0,0,0,1,0,0,6,0,0,0,0
WAP,ED,L,M,ED_L_M,57,Beech,7,0,0,0,0,0,0,0,0,1,0,1,0,0,0,0,1,0,0,0,0,0,0,0
WAP,ED,L,M,ED_L_M,57,Beech,8,1,0,0,0,0,0,0,0,0,2,0,0,0,0,0,1,0,0,1,0,0,0,0
WAP,ED,L,M,ED_L_M,57,Beech,9,0,3,0,0,0,0,0,0,0,2,0,0,0,0,0,0,0,0,0,0,1,0,1
WAP,ED,L,M,ED_L_M,57,Beech,10,1,0,0,0,0,0,0,0,0,0,0,0,0,0,0,1,0,0,0,0,0,0,1
WAP,ED,L,M,ED_L_M,57,Beech,11,0,1,0,0,0,0,0,0,0,0,0,0,0,0,0,0,0,0,0,0,0,0,0
WAP,ED,L,M,ED_L_M,57,Beech,12,0,1,0,0,0,0,0,0,0,3,0,0,0,0,0,3,0,0,0,0,0,0,0
WAP,ED,L,M,ED_L_M,58,Maple,1,0,5,0,0,0,0,0,0,0,0,0,0,0,0,0,0,0,0,2,0,0,0,0
WAP,ED,L,M,ED_L_M,58,Maple,2,0,6,0,0,0,0,0,0,0,0,0,0,0,0,0,0,0,0,0,0,0,0,0
WAP,ED,L,M,ED_L_M,58,Maple,3,0,7,0,0,0,0,0,0,1,0,0,0,0,0,0,1,0,0,1,0,0,0,0
WAP,ED,L,M,ED_L_M,58,Maple,4,0,9,0,0,0,0,0,0,0,0,0,0,0,0,0,0,0,0,0,0,0,0,0
WAP,ED,L,M,ED_L_M,58,Maple,5,0,3,0,0,0,0,0,0,0,0,0,0,0,0,0,0,0,0,1,0,0,0,0
WAP,ED,L,M,ED_L_M,58,Maple,6,0,4,0,0,0,0,0,0,0,1,0,0,0,0,0,0,0,0,3,0,0,0,0
WAP,ED,L,M,ED_L_M,58,Maple,7,0,10,0,0,0,0,0,0,0,0,0,0,0,0,0,0,0,0,1,0,0,0,0
WAP,ED,L,M,ED_L_M,58,Maple,8,1,12,0,0,0,0,0,0,0,0,0,0,0,0,0,0,0,0,2,0,0,0,0
WAP,ED,L,M,ED_L_M,58,Maple,9,0,10,0,0,0,0,0,0,0,1,0,0,0,0,0,0,0,0,2,0,0,0,0
WAP,ED,L,M,ED_L_M,58,Maple,10,0,3,0,0,0,0,0,0,0,0,0,0,0,0,0,0,0,0,2,0,0,0,0
WAP,ED,L,M,ED_L_M,58,Maple,11,0,4,0,0,0,0,0,0,0,0,0,0,0,0,0,0,0,0,0,0,0,0,0
WAP,ED,L,M,ED_L_M,58,Maple,12,0,6,0,0,0,0,0,0,0,0,0,0,0,0,0,0,0,0,1,0,0,0,0
WAP,ED,L,M,ED_L_M,59,Maple,1,0,1,0,0,0,0,0,0,0,0,0,2,0,0,0,0,0,0,6,0,0,0,0
WAP,ED,L,M,ED_L_M,59,Maple,2,0,2,0,0,0,0,0,0,0,0,0,0,0,0,0,1,0,0,0,0,0,0,0
WAP,ED,L,M,ED_L_M,59,Maple,3,0,3,0,0,0,0,0,0,0,0,0,1,0,0,0,0,0,0,1,0,0,0,0
WAP,ED,L,M,ED_L_M,59,Maple,4,0,2,0,0,0,0,0,0,0,1,0,1,0,0,0,0,0,0,0,0,0,0,0
WAP,ED,L,M,ED_L_M,59,Maple,5,0,3,0,0,0,0,0,0,0,0,0,0,0,0,0,1,0,0,0,0,0,0,0
WAP,ED,L,M,ED_L_M,59,Maple,6,0,1,0,0,0,0,0,0,0,0,0,0,0,0,0,0,0,0,4,0,0,0,0
WAP,ED,L,M,ED_L_M,59,Maple,7,1,3,0,0,0,0,0,0,0,0,0,0,0,0,0,0,0,0,2,0,0,0,0
WAP,ED,L,M,ED_L_M,59,Maple,8,0,4,0,0,0,0,0,0,0,1,0,0,0,0,0,0,0,0,6,0,0,0,0
WAP,ED,L,M,ED_L_M,59,Maple,9,1,1,0,0,0,0,0,0,0,1,0,0,0,0,0,0,0,0,2,0,0,0,0
WAP,ED,L,M,ED_L_M,59,Maple,10,0,4,1,0,0,0,0,0,0,1,0,0,0,0,0,0,0,0,0,0,0,0,0
WAP,ED,L,M,ED_L_M,59,Maple,11,0,2,0,0,0,0,0,0,0,2,0,0,0,0,0,0,0,0,1,0,0,0,0
WAP,ED,L,M,ED_L_M,59,Maple,12,0,3,0,0,0,0,0,0,0,0,0,0,0,0,0,1,0,0,2,0,1,0,0
WAP,ED,L,M,ED_L_M,60,Tulip,1,0,1,0,0,0,0,0,0,0,0,0,0,0,0,0,1,0,0,1,0,0,0,0
WAP,ED,L,M,ED_L_M,60,Tulip,2,0,0,0,0,0,0,0,0,0,0,0,0,0,0,0,1,0,0,0,0,0,0,0
WAP,ED,L,M,ED_L_M,60,Tulip,3,0,1,0,0,0,0,0,0,0,0,0,0,0,0,0,0,0,0,0,0,0,0,0
WAP,ED,L,M,ED_L_M,60,Tulip,4,0,3,0,0,0,0,0,0,0,0,0,0,0,0,0,1,0,0,0,0,0,0,0
WAP,ED,L,M,ED_L_M,60,Tulip,5,0,3,0,0,0,0,0,0,0,1,0,0,0,0,0,0,0,0,0,0,0,0,0
WAP,ED,L,M,ED_L_M,60,Tulip,6,0,0,0,0,0,0,0,0,0,0,0,0,0,0,0,0,0,0,0,0,0,0,0
WAP,ED,L,M,ED_L_M,60,Tulip,7,0,2,0,0,0,0,0,0,0,0,0,0,0,0,0,0,0,0,0,0,0,0,0
WAP,ED,L,M,ED_L_M,60,Tulip,8,0,0,0,0,0,0,0,0,0,0,0,0,0,0,0,0,0,0,0,0,0,0,0
WAP,ED,L,M,ED_L_M,60,Tulip,9,0,3,0,0,0,0,0,0,0,1,0,0,0,0,0,0,0,0,0,0,0,0,0
WAP,ED,L,M,ED_L_M,60,Tulip,10,0,1,0,0,0,0,0,0,0,1,0,0,0,0,0,0,0,0,0,0,0,0,0
WAP,ED,L,M,ED_L_M,60,Tulip,11,0,1,0,0,0,0,0,0,0,0,0,0,0,0,0,0,0,0,1,0,0,0,0
WAP,ED,L,M,ED_L_M,60,Tulip,12,0,0,0,0,0,0,0,0,0,0,0,0,0,0,0,1,0,0,0,0,0,0,0
WAP,ED,L,X,ED_L_X,61,Hickory,1,0,2,0,0,0,0,0,0,0,0,1,0,0,1,0,0,0,0,0,0,0,0,0
WAP,ED,L,X,ED_L_X,61,Hickory,2,0,4,0,0,0,0,0,0,0,0,0,0,0,0,0,0,0,0,0,0,0,0,0
WAP,ED,L,X,ED_L_X,61,Hickory,3,0,0,0,0,0,0,0,0,0,0,0,0,0,0,0,0,0,0,0,0,0,0,0
WAP,ED,L,X,ED_L_X,61,Hickory,4,0,0,0,0,0,0,0,0,0,0,1,0,0,0,0,0,0,0,0,0,0,0,0
WAP,ED,L,X,ED_L_X,61,Hickory,5,0,1,0,0,0,0,1,0,0,0,0,0,0,1,0,0,0,0,0,0,0,0,0
WAP,ED,L,X,ED_L_X,61,Hickory,6,0,3,0,0,0,0,0,0,0,0,1,0,0,0,0,0,0,0,0,0,0,0,0
WAP,ED,L,X,ED_L_X,61,Hickory,7,0,0,0,0,0,0,0,0,0,0,2,0,0,0,0,0,0,0,0,0,0,0,0
WAP,ED,L,X,ED_L_X,61,Hickory,8,0,3,0,0,0,0,0,0,0,0,1,0,0,0,0,0,0,0,0,0,0,0,0
WAP,ED,L,X,ED_L_X,61,Hickory,9,0,0,0,0,0,0,0,1,0,0,0,0,0,0,0,0,0,0,0,0,0,0,0
WAP,ED,L,X,ED_L_X,61,Hickory,10,0,0,0,0,0,0,0,0,0,0,0,0,0,0,0,0,0,0,0,0,0,0,0
WAP,ED,L,X,ED_L_X,61,Hickory,11,0,0,0,0,0,0,0,1,0,0,0,0,0,0,0,0,0,0,0,0,0,0,0
WAP,ED,L,X,ED_L_X,61,Hickory,12,0,2,0,0,0,0,0,1,0,0,0,0,0,1,0,0,0,0,0,0,0,0,0
WAP,ED,L,X,ED_L_X,62,Maple,1,0,0,0,0,0,0,0,0,0,1,0,0,0,0,0,0,0,0,0,0,0,0,0
WAP,ED,L,X,ED_L_X,62,Maple,2,0,0,0,0,0,0,0,0,0,0,0,0,0,0,0,0,0,0,0,0,0,0,0
WAP,ED,L,X,ED_L_X,62,Maple,3,0,0,0,0,0,0,0,0,0,0,0,0,0,0,0,0,0,0,0,0,0,0,0
WAP,ED,L,X,ED_L_X,62,Maple,4,0,0,0,0,0,0,0,0,0,0,0,0,0,0,0,0,0,0,0,0,0,0,0
WAP,ED,L,X,ED_L_X,62,Maple,5,0,0,0,0,0,0,0,0,0,0,0,0,0,0,0,0,0,0,0,0,1,0,0
WAP,ED,L,X,ED_L_X,62,Maple,6,0,0,0,0,0,0,0,0,0,1,0,0,0,0,0,0,0,0,0,0,1,0,0
WAP,ED,L,X,ED_L_X,62,Maple,7,0,0,0,0,0,0,0,0,0,0,0,0,0,0,0,0,0,0,0,0,0,0,0
WAP,ED,L,X,ED_L_X,62,Maple,8,0,0,0,0,0,0,0,0,0,0,0,0,0,0,0,0,0,0,0,0,0,0,0
WAP,ED,L,X,ED_L_X,62,Maple,9,0,0,0,0,0,0,0,0,1,2,0,0,0,0,0,0,0,0,0,0,0,0,0
WAP,ED,L,X,ED_L_X,62,Maple,10,0,0,0,0,0,0,0,0,0,0,0,0,0,0,0,0,0,0,0,0,0,0,0
WAP,ED,L,X,ED_L_X,62,Maple,11,0,0,0,0,0,0,0,0,0,0,0,0,0,0,0,0,0,0,0,0,0,0,0
WAP,ED,L,X,ED_L_X,62,Maple,12,0,0,0,0,0,0,0,0,0,0,0,0,0,0,0,0,0,0,0,0,0,0,0
WAP,ED,L,X,ED_L_X,63,Red Oak,1,0,0,0,0,0,0,0,0,0,0,4,0,0,0,0,0,0,0,0,0,2,0,1
WAP,ED,L,X,ED_L_X,63,Red Oak,2,0,0,0,0,0,0,0,0,0,0,1,0,0,0,0,1,0,0,0,0,0,0,0
WAP,ED,L,X,ED_L_X,63,Red Oak,3,0,0,0,0,0,0,0,0,0,0,1,0,0,0,0,0,0,0,0,0,0,0,0
WAP,ED,L,X,ED_L_X,63,Red Oak,4,0,1,0,0,0,0,0,0,0,2,2,0,0,0,0,0,0,0,0,0,0,0,0
WAP,ED,L,X,ED_L_X,63,Red Oak,5,0,0,0,0,0,0,0,0,0,1,1,0,0,0,0,0,0,0,0,0,0,0,0
WAP,ED,L,X,ED_L_X,63,Red Oak,6,0,0,0,0,0,0,0,0,0,0,5,0,0,0,0,0,0,0,0,0,0,0,1
WAP,ED,L,X,ED_L_X,63,Red Oak,7,0,0,0,0,0,0,0,0,0,0,0,0,0,0,0,0,0,0,0,0,0,0,0
WAP,ED,L,X,ED_L_X,63,Red Oak,8,0,0,0,0,0,0,0,0,0,1,2,0,0,0,0,0,0,0,0,0,0,0,0
WAP,ED,L,X,ED_L_X,63,Red Oak,9,0,0,0,0,0,0,0,0,0,0,2,0,0,0,0,0,0,0,0,0,0,0,0
WAP,ED,L,X,ED_L_X,63,Red Oak,10,0,0,0,0,0,0,0,0,0,1,5,0,0,0,0,0,0,0,0,0,0,0,1
WAP,ED,L,X,ED_L_X,63,Red Oak,11,0,0,0,0,0,0,0,0,0,0,0,0,0,0,0,0,0,0,0,0,0,0,0
WAP,ED,L,X,ED_L_X,63,Red Oak,12,0,0,0,0,0,0,0,0,0,1,4,0,0,0,0,0,0,0,0,0,0,0,0
WAP,ED,L,X,ED_L_X,64,White Oak,1,0,0,0,0,0,0,0,0,0,1,0,0,0,0,0,0,0,0,0,0,0,0,0
WAP,ED,L,X,ED_L_X,64,White Oak,2,0,0,0,0,0,0,1,0,0,1,0,0,0,0,0,0,0,0,0,0,0,0,0
WAP,ED,L,X,ED_L_X,64,White Oak,3,0,0,0,0,0,0,0,0,0,1,0,0,0,0,0,0,0,0,0,3,1,0,0
WAP,ED,L,X,ED_L_X,64,White Oak,4,0,0,0,0,0,0,0,0,0,2,0,0,0,0,0,0,0,0,0,0,1,0,0
WAP,ED,L,X,ED_L_X,64,White Oak,5,0,0,0,1,0,0,0,0,0,2,0,0,0,0,0,0,0,0,0,0,0,0,0
WAP,ED,L,X,ED_L_X,64,White Oak,6,0,0,0,0,0,0,0,0,0,7,0,0,0,0,0,0,0,0,0,0,0,0,0
WAP,ED,L,X,ED_L_X,64,White Oak,7,0,0,0,0,0,0,0,0,0,3,0,0,0,0,0,0,0,0,0,0,0,0,0
WAP,ED,L,X,ED_L_X,64,White Oak,8,0,0,0,0,0,0,0,0,0,2,0,0,0,0,0,0,0,0,0,0,0,0,0
WAP,ED,L,X,ED_L_X,64,White Oak,9,0,0,0,0,0,0,0,0,0,5,0,0,0,0,0,0,0,0,0,0,0,0,0
WAP,ED,L,X,ED_L_X,64,White Oak,10,0,0,0,0,0,0,0,0,0,2,0,0,0,0,0,0,0,0,0,0,0,0,1
WAP,ED,L,X,ED_L_X,64,White Oak,11,0,0,0,0,0,0,0,0,0,2,0,0,0,0,0,0,1,0,0,0,1,0,0
WAP,ED,L,X,ED_L_X,64,White Oak,12,0,0,0,0,0,0,0,0,0,2,0,0,0,0,0,0,0,0,0,0,0,0,0
WAP,SH,F,M,SH_F_M,81,Beech,1,0,0,0,0,0,0,0,0,0,0,0,0,0,0,0,0,0,0,0,0,0,0,0
WAP,SH,F,M,SH_F_M,81,Beech,2,0,1,0,0,0,0,0,0,0,0,0,0,0,0,0,0,0,0,0,0,0,0,0
WAP,SH,F,M,SH_F_M,81,Beech,3,0,0,0,0,0,0,0,0,0,0,0,0,0,0,0,0,0,0,0,0,0,0,0
WAP,SH,F,M,SH_F_M,81,Beech,4,0,0,0,0,0,0,0,0,0,1,0,0,0,0,0,0,0,0,0,0,0,0,0
WAP,SH,F,M,SH_F_M,81,Beech,5,0,0,0,0,0,0,0,0,0,0,0,0,0,0,0,0,0,0,0,0,0,0,0
WAP,SH,F,M,SH_F_M,81,Beech,6,0,1,0,0,0,0,0,0,0,0,1,0,0,0,0,0,0,0,0,0,0,0,0
WAP,SH,F,M,SH_F_M,81,Beech,7,0,1,0,0,0,1,0,0,0,0,0,0,0,0,0,0,0,0,0,0,0,0,0
WAP,SH,F,M,SH_F_M,81,Beech,8,0,0,0,0,0,0,0,0,0,1,0,0,0,0,0,0,0,0,0,0,0,0,0
WAP,SH,F,M,SH_F_M,81,Beech,9,0,5,0,0,0,0,0,0,0,1,1,0,0,0,0,0,0,0,0,0,0,0,0
WAP,SH,F,M,SH_F_M,81,Beech,10,0,2,0,0,0,0,0,0,0,0,0,0,0,0,0,0,0,0,0,0,0,0,0
WAP,SH,F,M,SH_F_M,81,Beech,11,0,2,0,0,0,0,0,0,0,1,0,0,0,0,0,0,0,0,0,0,0,0,0
WAP,SH,F,M,SH_F_M,81,Beech,12,0,0,0,0,0,0,0,0,0,1,0,0,0,0,0,0,0,0,0,0,0,0,0
WAP,SH,F,M,SH_F_M,82,Tulip,1,0,0,0,0,0,0,0,0,0,1,0,0,0,0,0,0,2,0,0,0,0,0,0
WAP,SH,F,M,SH_F_M,82,Tulip,2,0,1,0,0,0,0,0,0,0,2,0,0,0,0,0,0,2,0,0,0,0,0,0
WAP,SH,F,M,SH_F_M,82,Tulip,3,0,0,0,0,0,0,0,0,0,2,0,0,0,0,0,0,13,0,0,0,0,0,0
WAP,SH,F,M,SH_F_M,82,Tulip,4,0,0,0,0,0,0,0,0,0,1,0,0,0,0,0,0,11,0,0,0,0,0,0
WAP,SH,F,M,SH_F_M,82,Tulip,5,0,0,0,0,0,0,0,0,0,6,0,0,0,0,0,0,5,0,0,0,1,0,0
WAP,SH,F,M,SH_F_M,82,Tulip,6,0,33,0,0,0,0,0,0,0,0,0,0,0,0,0,0,0,0,0,0,0,0,0
WAP,SH,F,M,SH_F_M,82,Tulip,7,0,25,0,0,0,0,0,0,0,2,0,0,0,0,0,0,1,0,0,0,0,0,0
WAP,SH,F,M,SH_F_M,82,Tulip,8,0,2,0,0,0,0,0,0,0,3,0,0,0,0,0,0,9,0,0,0,1,0,0
WAP,SH,F,M,SH_F_M,82,Tulip,9,0,12,0,0,0,0,0,0,0,0,0,0,0,0,0,0,8,0,0,0,0,0,0
WAP,SH,F,M,SH_F_M,82,Tulip,10,0,2,0,0,0,0,0,0,0,3,0,0,0,0,0,0,3,0,0,0,0,0,0
WAP,SH,F,M,SH_F_M,82,Tulip,11,0,3,0,0,0,0,0,0,1,2,0,0,0,0,0,0,3,0,0,0,0,0,0
WAP,SH,F,M,SH_F_M,82,Tulip,12,0,15,0,0,0,0,0,0,0,3,0,0,0,0,0,0,1,0,0,0,0,0,0
WAP,SH,F,M,SH_F_M,83,Tulip,1,0,0,0,0,0,0,0,0,0,0,0,0,0,0,0,0,0,0,0,0,0,0,0
WAP,SH,F,M,SH_F_M,83,Tulip,2,0,9,0,0,0,0,0,0,0,4,0,0,0,0,0,0,4,0,0,0,0,0,0
WAP,SH,F,M,SH_F_M,83,Tulip,3,0,0,0,0,0,0,0,0,0,1,0,0,0,0,0,0,0,0,0,0,0,0,0
WAP,SH,F,M,SH_F_M,83,Tulip,4,0,11,0,0,0,0,0,0,0,2,0,1,0,0,0,0,6,0,0,0,0,0,0
WAP,SH,F,M,SH_F_M,83,Tulip,5,0,10,0,0,0,0,0,0,0,0,0,0,0,0,0,0,10,0,0,0,0,0,0
WAP,SH,F,M,SH_F_M,83,Tulip,6,0,3,0,0,0,0,0,0,0,2,0,0,0,0,0,0,1,0,0,0,0,0,0
WAP,SH,F,M,SH_F_M,83,Tulip,7,0,0,0,0,0,0,0,0,0,2,0,0,0,0,0,0,1,0,0,0,0,0,0
WAP,SH,F,M,SH_F_M,83,Tulip,8,0,4,0,0,0,0,0,0,0,0,0,0,0,0,0,0,1,0,0,0,0,0,0
WAP,SH,F,M,SH_F_M,83,Tulip,9,0,1,0,0,0,0,0,0,0,1,0,1,0,0,0,0,0,0,0,0,0,0,0
WAP,SH,F,M,SH_F_M,83,Tulip,10,0,0,0,0,0,0,0,0,0,1,0,0,0,0,0,0,0,0,0,0,0,0,0
WAP,SH,F,M,SH_F_M,83,Tulip,11,0,0,0,0,0,0,0,0,0,0,0,0,0,0,0,0,0,0,0,0,1,0,0
WAP,SH,F,M,SH_F_M,83,Tulip,12,0,3,0,0,0,0,0,0,0,2,0,0,0,0,0,0,2,0,0,0,0,0,1
WAP,SH,F,M,SH_F_M,84,White Oak,1,0,9,0,0,0,0,0,0,0,0,0,0,0,0,0,0,0,0,0,0,0,0,0
WAP,SH,F,M,SH_F_M,84,White Oak,2,0,6,0,0,0,0,0,0,0,0,0,0,0,0,0,0,0,0,0,0,0,0,0
WAP,SH,F,M,SH_F_M,84,White Oak,3,0,9,0,0,0,0,0,0,0,0,0,0,0,0,0,0,2,0,0,0,0,0,0
WAP,SH,F,M,SH_F_M,84,White Oak,4,0,9,0,0,0,0,0,0,0,2,0,0,0,0,0,0,0,0,0,0,0,0,0
WAP,SH,F,M,SH_F_M,84,White Oak,5,0,9,0,0,0,0,0,0,0,0,1,0,0,0,0,0,0,0,0,0,0,0,0
WAP,SH,F,M,SH_F_M,84,White Oak,6,0,7,0,0,0,0,0,0,0,0,0,0,0,0,0,0,1,0,0,0,0,0,0
WAP,SH,F,M,SH_F_M,84,White Oak,7,0,9,0,0,0,0,0,0,0,0,0,0,0,0,0,0,3,0,0,0,0,0,0
WAP,SH,F,M,SH_F_M,84,White Oak,8,0,8,0,0,0,0,0,0,0,1,0,0,0,0,0,0,2,0,0,0,0,0,0
WAP,SH,F,M,SH_F_M,84,White Oak,9,0,5,0,0,0,0,0,0,0,0,0,0,0,0,0,0,0,0,0,0,0,0,0
WAP,SH,F,M,SH_F_M,84,White Oak,10,0,7,0,0,0,0,0,0,1,1,0,0,0,0,0,0,1,0,0,0,0,0,0
WAP,SH,F,M,SH_F_M,84,White Oak,11,0,9,0,0,0,0,0,0,0,1,0,0,0,0,0,0,0,0,0,0,0,0,0
WAP,SH,F,M,SH_F_M,84,White Oak,12,0,8,0,0,0,0,0,0,0,0,0,0,0,0,0,0,1,0,0,0,0,0,0
WAP,SH,F,X,SH_F_X,85,Hickory,1,0,0,0,0,0,0,0,0,0,2,0,0,0,0,0,0,0,0,0,0,0,0,0
WAP,SH,F,X,SH_F_X,85,Hickory,2,0,0,0,0,0,0,0,0,0,1,0,2,0,0,0,0,0,0,0,0,0,0,0
WAP,SH,F,X,SH_F_X,85,Hickory,3,0,0,0,0,0,0,0,0,0,0,0,0,0,0,0,0,0,0,0,0,0,0,0
WAP,SH,F,X,SH_F_X,85,Hickory,4,0,0,0,0,0,0,0,1,0,1,0,0,0,0,0,0,0,0,0,0,0,0,0
WAP,SH,F,X,SH_F_X,85,Hickory,5,0,0,0,0,0,0,0,1,0,0,0,1,0,0,0,0,0,0,0,0,0,0,0
WAP,SH,F,X,SH_F_X,85,Hickory,6,0,0,0,0,0,0,0,0,0,2,0,0,0,0,0,0,0,0,0,0,0,0,0
WAP,SH,F,X,SH_F_X,85,Hickory,7,0,0,0,0,0,0,0,0,0,1,0,0,0,0,0,0,0,0,0,0,1,0,0
WAP,SH,F,X,SH_F_X,85,Hickory,8,0,0,0,0,0,0,0,2,0,0,0,0,0,0,0,0,0,0,0,0,0,0,0
WAP,SH,F,X,SH_F_X,85,Hickory,9,0,0,0,0,0,0,0,1,0,0,0,0,0,0,0,0,0,0,0,0,0,0,0
WAP,SH,F,X,SH_F_X,85,Hickory,10,0,0,0,0,0,0,0,0,0,0,0,1,0,0,0,0,1,0,0,0,1,0,0
WAP,SH,F,X,SH_F_X,85,Hickory,11,0,0,0,0,0,0,0,2,0,0,0,0,0,0,0,0,0,0,0,0,0,0,1
WAP,SH,F,X,SH_F_X,85,Hickory,12,0,0,0,0,0,0,0,0,0,0,0,0,0,0,0,0,0,0,0,0,0,0,1
WAP,SH,F,X,SH_F_X,86,Maple,1,0,0,0,0,0,0,0,0,0,2,0,0,0,0,0,0,0,0,0,0,0,0,0
WAP,SH,F,X,SH_F_X,86,Maple,2,0,0,0,0,0,0,0,0,0,5,0,0,0,0,0,0,0,0,0,0,0,0,0
WAP,SH,F,X,SH_F_X,86,Maple,3,0,0,0,0,0,0,0,0,0,2,0,0,0,0,0,0,0,0,0,0,1,0,0
WAP,SH,F,X,SH_F_X,86,Maple,4,0,0,0,0,0,0,0,0,0,2,0,0,0,0,0,0,0,0,0,0,0,0,0
WAP,SH,F,X,SH_F_X,86,Maple,5,0,0,0,0,0,0,0,0,0,2,0,0,0,0,0,1,0,0,0,0,1,0,0
WAP,SH,F,X,SH_F_X,86,Maple,6,0,0,0,0,0,0,0,0,0,1,0,0,0,0,0,0,0,0,0,0,3,0,0
WAP,SH,F,X,SH_F_X,86,Maple,7,0,0,0,0,0,0,0,0,0,0,0,0,0,0,0,0,0,0,0,0,1,0,0
WAP,SH,F,X,SH_F_X,86,Maple,8,0,0,0,0,0,0,0,0,0,1,0,0,0,0,0,0,0,0,0,0,0,0,0
WAP,SH,F,X,SH_F_X,86,Maple,9,0,1,0,0,0,0,0,0,0,0,0,0,0,0,0,0,0,0,0,0,0,0,0
WAP,SH,F,X,SH_F_X,86,Maple,10,0,0,0,0,0,0,0,0,0,3,0,0,0,0,0,0,0,0,0,0,0,0,0
WAP,SH,F,X,SH_F_X,86,Maple,11,0,0,0,0,0,0,0,0,0,3,0,0,0,0,0,0,0,0,0,0,0,0,0
WAP,SH,F,X,SH_F_X,86,Maple,12,0,0,0,0,0,0,0,0,0,0,0,0,0,0,0,0,0,0,0,0,0,0,0
WAP,SH,F,X,SH_F_X,87,Red Oak,1,1,0,0,0,0,0,0,0,0,1,0,0,0,0,0,0,0,0,0,0,1,0,1
WAP,SH,F,X,SH_F_X,87,Red Oak,2,0,2,0,0,0,0,0,1,0,0,0,0,0,0,0,0,0,0,0,0,1,0,1
WAP,SH,F,X,SH_F_X,87,Red Oak,3,0,3,0,0,0,0,0,0,0,2,0,0,0,0,0,2,0,0,0,0,0,0,1
WAP,SH,F,X,SH_F_X,87,Red Oak,4,0,0,0,0,0,0,0,0,0,0,0,0,0,0,0,0,0,0,0,0,1,0,3
WAP,SH,F,X,SH_F_X,87,Red Oak,5,0,0,0,0,0,0,0,0,0,3,0,0,0,0,0,0,0,0,0,0,0,0,0
WAP,SH,F,X,SH_F_X,87,Red Oak,6,0,2,0,0,0,0,0,0,1,1,0,1,0,0,0,0,0,0,0,0,0,0,0
WAP,SH,F,X,SH_F_X,87,Red Oak,7,0,0,0,0,0,0,0,0,0,1,0,0,0,0,0,0,1,0,0,0,0,0,1
WAP,SH,F,X,SH_F_X,87,Red Oak,8,0,1,0,0,0,0,0,0,1,1,0,0,0,0,0,1,0,0,0,0,0,0,0
WAP,SH,F,X,SH_F_X,87,Red Oak,9,0,12,0,0,0,0,0,0,0,0,0,0,0,0,0,0,0,0,0,0,0,0,0
WAP,SH,F,X,SH_F_X,87,Red Oak,10,0,0,0,0,0,0,0,0,0,0,0,0,0,0,0,0,0,0,0,0,0,0,1
WAP,SH,F,X,SH_F_X,87,Red Oak,11,0,0,0,0,0,0,0,0,0,0,0,1,0,0,0,0,0,0,0,0,0,0,0
WAP,SH,F,X,SH_F_X,87,Red Oak,12,0,0,0,0,0,0,0,0,1,0,0,0,0,0,0,1,0,0,0,0,0,0,0
WAP,SH,F,X,SH_F_X,88,White Oak,1,0,0,0,0,0,0,0,0,0,0,0,0,0,0,0,0,0,0,0,0,3,0,1
WAP,SH,F,X,SH_F_X,88,White Oak,2,0,7,0,0,0,0,0,0,0,1,0,0,0,0,1,1,3,0,0,0,0,0,1
WAP,SH,F,X,SH_F_X,88,White Oak,3,0,6,0,0,0,0,0,0,0,1,0,0,0,0,0,0,0,0,0,0,2,0,0
WAP,SH,F,X,SH_F_X,88,White Oak,4,0,1,0,0,0,0,0,0,0,1,0,0,0,0,0,0,1,0,0,0,0,0,0
WAP,SH,F,X,SH_F_X,88,White Oak,5,0,2,0,0,0,0,0,0,1,3,0,0,0,0,0,0,0,0,0,0,5,0,0
WAP,SH,F,X,SH_F_X,88,White Oak,6,0,0,0,0,0,0,0,0,0,0,0,1,0,0,0,1,0,0,0,0,1,0,0
WAP,SH,F,X,SH_F_X,88,White Oak,7,0,1,0,0,0,0,0,0,0,2,0,0,0,0,0,2,0,0,0,0,5,0,0
WAP,SH,F,X,SH_F_X,88,White Oak,8,0,6,0,0,0,0,0,0,1,3,0,0,0,0,1,0,2,0,0,0,2,0,0
WAP,SH,F,X,SH_F_X,88,White Oak,9,0,0,0,0,0,0,0,0,0,0,0,0,0,0,0,0,0,0,0,0,2,0,0
WAP,SH,F,X,SH_F_X,88,White Oak,10,0,1,0,0,0,0,0,0,0,3,0,0,0,0,0,0,0,0,0,0,1,0,0
WAP,SH,F,X,SH_F_X,88,White Oak,11,0,0,0,0,0,0,0,0,0,0,0,1,0,0,0,0,0,0,0,0,2,0,0
WAP,SH,F,X,SH_F_X,88,White Oak,12,0,0,0,0,0,0,0,0,0,0,0,0,0,0,0,0,0,0,0,0,0,0,0
WAP,SH,N,M,SH_N_M,89,Beech,1,0,0,0,0,0,0,0,0,0,0,0,0,0,0,0,0,0,0,0,0,1,0,0
WAP,SH,N,M,SH_N_M,89,Beech,2,0,0,0,0,0,0,0,0,0,0,0,0,0,0,0,0,0,1,0,0,0,0,0
WAP,SH,N,M,SH_N_M,89,Beech,3,0,0,0,0,0,0,0,0,0,0,1,0,0,0,0,0,0,0,0,0,1,0,0
WAP,SH,N,M,SH_N_M,89,Beech,4,0,0,0,0,0,0,0,0,0,1,0,0,0,0,0,0,0,0,0,0,0,0,0
WAP,SH,N,M,SH_N_M,89,Beech,5,0,0,0,0,0,0,0,0,0,0,0,0,0,0,0,0,0,0,0,0,0,0,0
WAP,SH,N,M,SH_N_M,89,Beech,6,0,0,0,0,0,0,0,0,0,0,0,0,0,0,0,0,0,0,0,0,0,0,0
WAP,SH,N,M,SH_N_M,89,Beech,7,0,0,0,0,0,0,0,0,0,0,0,0,0,0,0,0,0,0,0,0,0,0,0
WAP,SH,N,M,SH_N_M,89,Beech,8,0,0,0,0,0,0,0,0,0,0,0,0,0,0,0,0,0,0,0,0,0,0,0
WAP,SH,N,M,SH_N_M,89,Beech,9,0,0,0,0,0,0,0,0,0,1,0,0,0,0,0,0,0,0,0,0,1,0,0
WAP,SH,N,M,SH_N_M,89,Beech,10,0,0,0,0,0,0,0,0,0,0,0,0,0,0,0,0,0,0,0,0,0,0,0
WAP,SH,N,M,SH_N_M,89,Beech,11,0,0,0,0,0,0,0,0,0,0,0,0,0,0,0,0,0,0,0,0,0,0,0
WAP,SH,N,M,SH_N_M,89,Beech,12,0,0,0,0,0,0,0,0,0,1,0,0,0,0,0,0,0,0,0,0,0,0,0
WAP,SH,N,M,SH_N_M,90,Tulip,1,0,0,0,0,0,0,0,0,0,0,0,0,0,0,0,0,0,0,0,0,0,0,0
WAP,SH,N,M,SH_N_M,90,Tulip,2,0,1,0,0,0,0,0,0,0,0,0,0,0,0,0,0,0,0,0,0,0,0,0
WAP,SH,N,M,SH_N_M,90,Tulip,3,0,0,0,0,0,0,0,0,0,0,0,0,0,0,0,0,0,0,0,0,0,0,0
WAP,SH,N,M,SH_N_M,90,Tulip,4,0,0,0,0,0,0,0,0,0,0,0,0,0,0,0,0,0,0,0,0,0,0,0
WAP,SH,N,M,SH_N_M,90,Tulip,5,0,0,0,0,0,0,0,0,0,0,0,0,0,0,0,0,0,0,0,0,0,0,0
WAP,SH,N,M,SH_N_M,90,Tulip,6,0,0,0,0,0,0,0,0,0,0,0,0,0,0,0,0,0,0,0,0,0,0,0
WAP,SH,N,M,SH_N_M,90,Tulip,7,0,0,0,0,0,0,0,0,0,0,0,0,0,0,0,0,0,0,0,0,0,0,0
WAP,SH,N,M,SH_N_M,90,Tulip,8,0,0,0,0,0,0,0,0,0,0,0,0,0,0,0,1,0,0,0,0,0,0,0
WAP,SH,N,M,SH_N_M,90,Tulip,9,0,0,0,0,0,0,0,0,0,0,0,0,0,0,0,0,0,0,0,0,0,0,0
WAP,SH,N,M,SH_N_M,90,Tulip,10,0,0,0,0,0,0,0,0,0,0,0,0,0,0,0,0,0,0,0,0,0,0,0
WAP,SH,N,M,SH_N_M,90,Tulip,11,0,0,0,0,0,0,0,0,0,0,0,0,0,0,0,0,0,0,0,0,0,0,1
WAP,SH,N,M,SH_N_M,90,Tulip,12,0,0,0,0,0,0,0,0,0,0,0,0,0,0,0,0,0,0,0,0,0,0,0
WAP,SH,N,M,SH_N_M,91,White Oak,1,0,2,0,0,0,0,0,0,0,1,0,0,0,0,0,0,0,0,0,0,0,0,0
WAP,SH,N,M,SH_N_M,91,White Oak,2,0,5,0,0,0,0,0,0,0,0,0,0,0,0,0,1,0,0,0,0,0,0,0
WAP,SH,N,M,SH_N_M,91,White Oak,3,0,1,0,0,0,0,0,0,0,0,0,0,0,0,0,0,0,0,0,0,0,0,0
WAP,SH,N,M,SH_N_M,91,White Oak,4,0,2,0,0,0,0,0,0,0,0,0,0,0,0,0,0,0,0,0,0,0,0,0
WAP,SH,N,M,SH_N_M,91,White Oak,5,0,3,0,0,0,0,0,0,0,1,0,0,0,0,0,0,0,0,0,0,0,0,0
WAP,SH,N,M,SH_N_M,91,White Oak,6,0,1,0,0,0,0,0,0,0,0,0,0,0,0,0,0,0,0,0,0,0,0,0
WAP,SH,N,M,SH_N_M,91,White Oak,7,0,1,0,0,0,0,0,0,0,0,0,0,0,0,0,0,0,0,0,0,0,0,0
WAP,SH,N,M,SH_N_M,91,White Oak,8,0,0,0,0,0,0,0,0,0,0,0,1,0,0,0,0,0,0,0,0,0,0,0
WAP,SH,N,M,SH_N_M,91,White Oak,9,0,1,0,0,0,0,0,0,0,0,0,0,0,0,0,0,0,0,0,0,0,0,0
WAP,SH,N,M,SH_N_M,91,White Oak,10,0,6,0,0,0,0,0,0,0,0,0,0,0,0,0,0,0,0,0,0,0,0,0
WAP,SH,N,M,SH_N_M,91,White Oak,11,0,1,0,0,0,0,0,0,0,0,0,0,0,0,0,0,0,0,0,0,0,0,0
WAP,SH,N,M,SH_N_M,91,White Oak,12,0,3,0,0,0,0,0,0,0,0,0,0,0,0,0,0,0,0,0,0,0,0,0
WAP,SH,N,M,SH_N_M,92,White Oak,1,0,0,0,0,0,0,0,0,0,0,0,0,0,0,0,0,0,0,0,0,2,0,0
WAP,SH,N,M,SH_N_M,92,White Oak,2,0,7,0,0,0,0,0,0,0,1,0,0,0,0,0,0,4,0,0,0,0,0,1
WAP,SH,N,M,SH_N_M,92,White Oak,3,0,2,0,0,0,0,0,0,0,1,0,0,0,0,0,0,0,0,0,0,0,0,1
WAP,SH,N,M,SH_N_M,92,White Oak,4,0,2,0,0,0,0,0,0,0,1,0,0,0,0,0,0,0,0,0,0,0,0,2
WAP,SH,N,M,SH_N_M,92,White Oak,5,0,1,0,0,0,0,0,0,0,0,0,0,0,0,0,0,0,0,0,0,0,0,0
WAP,SH,N,M,SH_N_M,92,White Oak,6,0,1,0,0,0,0,0,0,0,0,0,0,0,0,0,0,1,0,0,0,0,0,0
WAP,SH,N,M,SH_N_M,92,White Oak,7,0,0,0,0,0,0,0,0,0,0,0,0,0,0,0,0,0,0,0,0,0,0,0
WAP,SH,N,M,SH_N_M,92,White Oak,8,0,2,0,0,0,0,0,0,0,0,0,0,0,0,0,0,0,0,0,0,0,0,0
WAP,SH,N,M,SH_N_M,92,White Oak,9,0,0,0,0,0,0,0,0,0,0,0,0,0,0,0,0,0,0,0,0,0,0,0
WAP,SH,N,M,SH_N_M,92,White Oak,10,0,2,0,0,0,0,0,0,0,0,0,0,0,0,0,0,0,0,0,0,0,0,0
WAP,SH,N,M,SH_N_M,92,White Oak,11,0,0,0,0,0,0,0,0,0,0,0,0,0,0,0,0,0,0,0,0,0,0,0
WAP,SH,N,M,SH_N_M,92,White Oak,12,0,2,0,0,0,0,0,0,0,0,0,0,0,0,0,0,0,0,0,0,0,0,0
WAP,SH,N,X,SH_N_X,93,Hickory,1,0,5,0,0,0,0,0,0,0,0,0,0,0,0,0,0,0,0,0,0,0,0,0
WAP,SH,N,X,SH_N_X,93,Hickory,2,0,2,0,0,0,0,0,0,0,1,0,0,0,0,0,0,0,0,0,0,0,0,0
WAP,SH,N,X,SH_N_X,93,Hickory,3,0,0,0,0,0,0,0,0,0,2,0,0,0,0,0,0,0,0,0,0,0,0,0
WAP,SH,N,X,SH_N_X,93,Hickory,4,0,0,0,0,0,0,0,0,0,1,1,0,0,0,0,0,0,0,0,0,0,0,0
WAP,SH,N,X,SH_N_X,93,Hickory,5,0,3,0,0,0,0,0,0,0,0,0,0,0,0,0,0,0,0,0,0,0,0,0
WAP,SH,N,X,SH_N_X,93,Hickory,6,0,4,0,0,0,0,0,0,0,0,0,0,0,0,0,0,0,0,0,0,0,0,0
WAP,SH,N,X,SH_N_X,93,Hickory,7,0,1,0,0,0,0,0,0,0,2,0,0,0,0,0,0,0,0,0,0,0,0,0
WAP,SH,N,X,SH_N_X,93,Hickory,8,0,1,0,0,0,0,0,0,0,1,0,0,0,0,0,0,1,0,0,0,0,0,0
WAP,SH,N,X,SH_N_X,93,Hickory,9,0,3,0,0,0,0,0,0,0,3,0,1,0,0,0,0,0,0,0,0,0,0,0
WAP,SH,N,X,SH_N_X,93,Hickory,10,0,2,0,0,0,0,0,0,0,3,0,0,0,0,0,0,5,0,0,0,0,0,0
WAP,SH,N,X,SH_N_X,93,Hickory,11,0,4,0,0,0,0,0,0,0,1,0,0,0,0,0,0,2,0,0,0,0,0,0
WAP,SH,N,X,SH_N_X,93,Hickory,12,0,1,0,0,0,0,0,0,0,1,0,0,0,0,0,0,0,0,0,0,0,0,1
WAP,SH,N,X,SH_N_X,94,Maple,1,0,0,0,0,0,0,0,0,0,2,0,0,0,0,0,0,0,0,0,0,0,0,0
WAP,SH,N,X,SH_N_X,94,Maple,2,0,0,0,0,0,0,0,0,0,0,0,0,0,0,0,0,0,0,0,0,0,0,0
WAP,SH,N,X,SH_N_X,94,Maple,3,0,0,0,0,0,0,0,0,0,1,1,2,0,0,0,0,0,0,0,0,0,0,0
WAP,SH,N,X,SH_N_X,94,Maple,4,0,0,0,0,0,0,0,0,0,0,0,0,0,0,0,0,0,0,0,0,1,0,0
WAP,SH,N,X,SH_N_X,94,Maple,5,0,0,0,0,0,0,0,0,0,1,0,1,0,0,0,0,0,0,0,0,0,0,0
WAP,SH,N,X,SH_N_X,94,Maple,6,0,0,0,0,0,0,0,0,1,0,0,0,0,0,0,0,0,0,0,0,0,0,0
WAP,SH,N,X,SH_N_X,94,Maple,7,0,0,0,0,0,0,0,0,0,0,0,0,0,0,0,0,0,0,1,0,0,0,0
WAP,SH,N,X,SH_N_X,94,Maple,8,0,0,0,0,0,0,0,0,0,0,0,0,0,0,0,0,0,0,0,0,0,0,0
WAP,SH,N,X,SH_N_X,94,Maple,9,0,0,0,0,0,0,0,0,0,2,0,0,0,0,0,0,0,0,0,0,1,0,0
WAP,SH,N,X,SH_N_X,94,Maple,10,0,0,0,0,0,0,0,0,0,2,0,0,0,0,0,0,0,0,0,0,1,0,0
WAP,SH,N,X,SH_N_X,94,Maple,11,0,0,0,0,0,0,0,0,0,0,0,0,0,0,0,0,0,0,0,0,3,0,0
WAP,SH,N,X,SH_N_X,94,Maple,12,0,0,0,0,0,0,0,0,0,1,0,0,0,0,0,0,1,0,0,0,0,0,0
WAP,SH,N,X,SH_N_X,95,Red Oak,1,0,5,0,0,0,0,0,0,0,0,1,0,0,0,0,0,0,0,0,0,0,0,0
WAP,SH,N,X,SH_N_X,95,Red Oak,2,0,4,0,0,0,0,0,0,0,0,0,0,0,0,0,0,0,0,0,0,1,0,1
WAP,SH,N,X,SH_N_X,95,Red Oak,3,0,0,0,0,0,0,0,0,0,0,0,0,0,0,0,0,0,0,0,0,0,0,1
WAP,SH,N,X,SH_N_X,95,Red Oak,4,0,1,0,0,0,0,0,0,0,2,0,0,0,0,0,0,0,0,0,0,0,0,0
WAP,SH,N,X,SH_N_X,95,Red Oak,5,0,3,0,0,0,0,0,0,0,3,0,0,0,0,0,0,0,0,0,0,0,0,1
WAP,SH,N,X,SH_N_X,95,Red Oak,6,0,5,0,0,0,0,0,0,0,0,0,0,0,0,0,0,0,0,0,0,1,0,1
WAP,SH,N,X,SH_N_X,95,Red Oak,7,0,4,0,0,0,0,0,0,0,2,0,0,0,0,0,0,0,0,0,0,0,0,0
WAP,SH,N,X,SH_N_X,95,Red Oak,8,0,16,0,0,0,0,0,0,0,0,0,0,0,0,0,0,0,0,0,0,0,0,0
WAP,SH,N,X,SH_N_X,95,Red Oak,9,0,2,0,0,0,0,0,0,0,0,0,0,0,0,0,0,0,0,0,0,0,0,0
WAP,SH,N,X,SH_N_X,95,Red Oak,10,0,14,0,0,0,0,0,0,0,2,0,0,0,0,0,0,0,0,0,0,0,0,1
WAP,SH,N,X,SH_N_X,95,Red Oak,11,0,5,0,0,0,0,0,0,0,0,1,0,0,0,0,0,0,0,0,0,1,0,0
WAP,SH,N,X,SH_N_X,95,Red Oak,12,0,8,0,0,0,0,0,0,0,0,1,0,0,0,0,0,0,0,0,0,0,0,0
WAP,SH,N,X,SH_N_X,96,White Oak,1,0,1,0,0,0,0,0,0,0,1,0,0,0,0,0,0,0,0,0,0,0,0,0
WAP,SH,N,X,SH_N_X,96,White Oak,2,0,0,0,0,0,0,0,1,0,2,1,0,0,0,0,0,0,0,0,0,0,0,0
WAP,SH,N,X,SH_N_X,96,White Oak,3,0,2,0,0,0,0,0,0,0,0,0,0,0,0,0,0,0,0,0,0,0,0,0
WAP,SH,N,X,SH_N_X,96,White Oak,4,0,0,0,0,0,0,0,0,0,0,0,0,0,0,0,0,0,0,0,0,0,0,0
WAP,SH,N,X,SH_N_X,96,White Oak,5,0,0,0,0,0,0,0,1,1,0,0,0,0,0,0,0,0,0,0,0,0,0,0
WAP,SH,N,X,SH_N_X,96,White Oak,6,0,1,0,0,0,0,0,0,0,1,0,0,0,0,0,0,0,0,0,0,0,1,0
WAP,SH,N,X,SH_N_X,96,White Oak,7,0,0,0,0,0,0,0,0,0,1,0,0,0,0,0,0,1,0,0,0,0,0,0
WAP,SH,N,X,SH_N_X,96,White Oak,8,0,0,0,0,0,0,0,0,0,1,0,0,0,0,0,0,0,0,0,0,0,0,0
WAP,SH,N,X,SH_N_X,96,White Oak,9,0,1,0,1,0,0,0,0,0,0,0,0,0,0,0,0,0,0,0,0,0,0,0
WAP,SH,N,X,SH_N_X,96,White Oak,10,0,0,0,0,0,0,0,0,0,1,0,0,0,0,0,0,0,0,0,0,0,0,0
WAP,SH,N,X,SH_N_X,96,White Oak,11,0,0,0,0,0,0,0,0,0,0,0,1,0,0,0,0,0,0,0,0,0,0,0
WAP,SH,N,X,SH_N_X,96,White Oak,12,0,3,0,0,0,0,0,0,0,1,0,2,0,0,0,0,0,0,0,0,0,0,0
