"","ECO","SITE","HAB","HAB_ST","TREE.NO","TREE.SP","SAMPLE","FGR","F1","F2","F3","F4","F5","F6"
"1","NCTP","BR","M","BR_F_M",1,"Hickory",1,1,0,0,0,0,2,0
"2","NCTP","BR","M","BR_F_M",1,"Hickory",2,0,0,0,0,0,0,0
"3","NCTP","BR","M","BR_F_M",1,"Hickory",3,0,0,0,0,0,0,0
"4","NCTP","BR","M","BR_F_M",1,"Hickory",4,1,0,0,0,0,2,0
"5","NCTP","BR","M","BR_F_M",1,"Hickory",5,3,0,0,1,0,5,1
"6","NCTP","BR","M","BR_F_M",1,"Hickory",6,1,0,0,0,0,1,0
"7","NCTP","BR","M","BR_F_M",1,"Hickory",7,1,0,0,0,0,3,0
"8","NCTP","BR","M","BR_F_M",1,"Hickory",8,0,0,0,0,0,0,0
"9","NCTP","BR","M","BR_F_M",1,"Hickory",9,0,0,0,0,0,0,0
"10","NCTP","BR","M","BR_F_M",1,"Hickory",10,0,0,0,0,0,0,0
"11","NCTP","BR","M","BR_F_M",1,"Hickory",11,2,0,0,0,0,15,1
"12","NCTP","BR","M","BR_F_M",1,"Hickory",12,2,1,0,0,0,1,0
"13","NCTP","BR","M","BR_F_M",2,"Maple",1,2,1,0,0,0,4,0
"14","NCTP","BR","M","BR_F_M",2,"Maple",2,1,0,0,0,0,0,4
"15","NCTP","BR","M","BR_F_M",2,"Maple",3,0,0,0,0,0,0,0
"16","NCTP","BR","M","BR_F_M",2,"Maple",4,0,0,0,0,0,0,0
"17","NCTP","BR","M","BR_F_M",2,"Maple",5,0,0,0,0,0,0,0
"18","NCTP","BR","M","BR_F_M",2,"Maple",6,0,0,0,0,0,0,0
"19","NCTP","BR","M","BR_F_M",2,"Maple",7,1,0,0,2,0,0,0
"20","NCTP","BR","M","BR_F_M",2,"Maple",8,1,0,0,0,0,2,0
"21","NCTP","BR","M","BR_F_M",2,"Maple",9,0,0,0,0,0,0,0
"22","NCTP","BR","M","BR_F_M",2,"Maple",10,1,0,0,1,0,0,0
"23","NCTP","BR","M","BR_F_M",2,"Maple",11,0,0,0,0,0,0,0
"24","NCTP","BR","M","BR_F_M",2,"Maple",12,0,0,0,0,0,0,0
"25","NCTP","BR","M","BR_F_M",3,"Maple",1,0,0,0,0,0,0,0
"26","NCTP","BR","M","BR_F_M",3,"Maple",2,0,0,0,0,0,0,0
"27","NCTP","BR","M","BR_F_M",3,"Maple",3,0,0,0,0,0,0,0
"28","NCTP","BR","M","BR_F_M",3,"Maple",4,0,0,0,0,0,0,0
"29","NCTP","BR","M","BR_F_M",3,"Maple",5,0,0,0,0,0,0,0
"30","NCTP","BR","M","BR_F_M",3,"Maple",6,0,0,0,0,0,0,0
"31","NCTP","BR","M","BR_F_M",3,"Maple",7,0,0,0,0,0,0,0
"32","NCTP","BR","M","BR_F_M",3,"Maple",8,1,0,0,0,0,1,0
"33","NCTP","BR","M","BR_F_M",3,"Maple",9,0,0,0,0,0,0,0
"34","NCTP","BR","M","BR_F_M",3,"Maple",10,0,0,0,0,0,0,0
"35","NCTP","BR","M","BR_F_M",3,"Maple",11,0,0,0,0,0,0,0
"36","NCTP","BR","M","BR_F_M",3,"Maple",12,1,0,0,0,0,1,0
"37","NCTP","BR","M","BR_F_M",4,"Sycamore",1,1,0,0,0,1,0,0
"38","NCTP","BR","M","BR_F_M",4,"Sycamore",2,3,0,0,4,1,1,0
"39","NCTP","BR","M","BR_F_M",4,"Sycamore",3,2,0,0,1,3,0,0
"40","NCTP","BR","M","BR_F_M",4,"Sycamore",4,1,0,0,0,2,0,0
"41","NCTP","BR","M","BR_F_M",4,"Sycamore",5,2,0,0,1,2,0,0
"42","NCTP","BR","M","BR_F_M",4,"Sycamore",6,1,0,0,4,0,0,0
"43","NCTP","BR","M","BR_F_M",4,"Sycamore",7,2,0,0,3,2,0,0
"44","NCTP","BR","M","BR_F_M",4,"Sycamore",8,1,0,0,0,1,0,0
"45","NCTP","BR","M","BR_F_M",4,"Sycamore",9,3,0,0,2,1,1,0
"46","NCTP","BR","M","BR_F_M",4,"Sycamore",10,2,0,0,11,2,0,0
"47","NCTP","BR","M","BR_F_M",4,"Sycamore",11,1,0,0,0,1,0,0
"48","NCTP","BR","M","BR_F_M",4,"Sycamore",12,2,0,0,2,1,0,0
"49","NCTP","BR","X","BR_F_X",5,"Ash",1,1,0,0,0,0,2,0
"50","NCTP","BR","X","BR_F_X",5,"Ash",2,1,0,0,0,0,1,0
"51","NCTP","BR","X","BR_F_X",5,"Ash",3,0,0,0,0,0,0,0
"52","NCTP","BR","X","BR_F_X",5,"Ash",4,1,0,0,0,0,2,0
"53","NCTP","BR","X","BR_F_X",5,"Ash",5,1,0,0,0,0,2,0
"54","NCTP","BR","X","BR_F_X",5,"Ash",6,0,0,0,0,0,0,0
"55","NCTP","BR","X","BR_F_X",5,"Ash",7,1,0,0,0,0,3,0
"56","NCTP","BR","X","BR_F_X",5,"Ash",8,1,0,0,0,0,1,0
"57","NCTP","BR","X","BR_F_X",5,"Ash",9,2,0,0,1,0,1,0
"58","NCTP","BR","X","BR_F_X",5,"Ash",10,1,0,0,0,0,1,0
"59","NCTP","BR","X","BR_F_X",5,"Ash",11,2,0,0,0,0,1,1
"60","NCTP","BR","X","BR_F_X",5,"Ash",12,1,0,0,0,0,1,0
"61","NCTP","BR","X","BR_F_X",6,"Maple",1,1,0,0,0,1,0,0
"62","NCTP","BR","X","BR_F_X",6,"Maple",2,1,0,0,0,0,5,0
"63","NCTP","BR","X","BR_F_X",6,"Maple",3,0,0,0,0,0,0,0
"64","NCTP","BR","X","BR_F_X",6,"Maple",4,0,0,0,0,0,0,0
"65","NCTP","BR","X","BR_F_X",6,"Maple",5,1,0,0,0,0,1,0
"66","NCTP","BR","X","BR_F_X",6,"Maple",6,1,0,0,0,1,0,0
"67","NCTP","BR","X","BR_F_X",6,"Maple",7,0,0,0,0,0,0,0
"68","NCTP","BR","X","BR_F_X",6,"Maple",8,1,0,0,0,0,1,0
"69","NCTP","BR","X","BR_F_X",6,"Maple",9,0,0,0,0,0,0,0
"70","NCTP","BR","X","BR_F_X",6,"Maple",10,2,0,0,0,2,10,0
"71","NCTP","BR","X","BR_F_X",6,"Maple",11,1,0,0,1,0,0,0
"72","NCTP","BR","X","BR_F_X",6,"Maple",12,1,0,0,0,0,2,0
"73","NCTP","BR","X","BR_F_X",7,"Red Oak",1,2,0,0,0,1,1,0
"74","NCTP","BR","X","BR_F_X",7,"Red Oak",2,0,0,0,0,0,0,0
"75","NCTP","BR","X","BR_F_X",7,"Red Oak",3,1,0,0,0,0,1,0
"76","NCTP","BR","X","BR_F_X",7,"Red Oak",4,0,0,0,0,0,0,0
"77","NCTP","BR","X","BR_F_X",7,"Red Oak",5,1,0,0,0,0,1,0
"78","NCTP","BR","X","BR_F_X",7,"Red Oak",6,0,0,0,0,0,0,0
"79","NCTP","BR","X","BR_F_X",7,"Red Oak",7,0,0,0,0,0,0,0
"80","NCTP","BR","X","BR_F_X",7,"Red Oak",8,1,0,0,1,0,0,0
"81","NCTP","BR","X","BR_F_X",7,"Red Oak",9,0,0,0,0,0,0,0
"82","NCTP","BR","X","BR_F_X",7,"Red Oak",10,0,0,0,0,0,0,0
"83","NCTP","BR","X","BR_F_X",7,"Red Oak",11,0,0,0,0,0,0,0
"84","NCTP","BR","X","BR_F_X",7,"Red Oak",12,0,0,0,0,0,0,0
"85","NCTP","BR","X","BR_F_X",8,"Red Oak",1,1,0,0,0,0,2,0
"86","NCTP","BR","X","BR_F_X",8,"Red Oak",2,1,0,0,0,0,1,0
"87","NCTP","BR","X","BR_F_X",8,"Red Oak",3,2,0,0,1,0,1,0
"88","NCTP","BR","X","BR_F_X",8,"Red Oak",4,0,0,0,0,0,0,0
"89","NCTP","BR","X","BR_F_X",8,"Red Oak",5,1,0,0,0,0,1,0
"90","NCTP","BR","X","BR_F_X",8,"Red Oak",6,0,0,0,0,0,0,0
"91","NCTP","BR","X","BR_F_X",8,"Red Oak",7,1,0,0,0,0,1,0
"92","NCTP","BR","X","BR_F_X",8,"Red Oak",8,0,0,0,0,0,0,0
"93","NCTP","BR","X","BR_F_X",8,"Red Oak",9,0,0,0,0,0,0,0
"94","NCTP","BR","X","BR_F_X",8,"Red Oak",10,1,0,0,0,0,1,0
"95","NCTP","BR","X","BR_F_X",8,"Red Oak",11,1,0,0,0,0,1,0
"96","NCTP","BR","X","BR_F_X",8,"Red Oak",12,0,0,0,0,0,0,0
"97","NCTP","BR","M","BR_N_M",9,"Hackberry",1,1,0,0,2,0,0,0
"98","NCTP","BR","M","BR_N_M",9,"Hackberry",2,1,0,0,0,1,0,0
"99","NCTP","BR","M","BR_N_M",9,"Hackberry",3,1,0,0,0,15,0,0
"100","NCTP","BR","M","BR_N_M",9,"Hackberry",4,1,0,0,0,4,0,0
"101","NCTP","BR","M","BR_N_M",9,"Hackberry",5,1,0,0,0,4,0,0
"102","NCTP","BR","M","BR_N_M",9,"Hackberry",6,0,0,0,0,0,0,0
"103","NCTP","BR","M","BR_N_M",9,"Hackberry",7,2,0,0,0,3,1,0
"104","NCTP","BR","M","BR_N_M",9,"Hackberry",8,1,0,0,1,0,0,0
"105","NCTP","BR","M","BR_N_M",9,"Hackberry",9,2,0,0,6,3,0,0
"106","NCTP","BR","M","BR_N_M",9,"Hackberry",10,1,0,0,0,1,0,0
"107","NCTP","BR","M","BR_N_M",9,"Hackberry",11,2,0,0,1,1,0,0
"108","NCTP","BR","M","BR_N_M",9,"Hackberry",12,0,0,0,0,0,0,0
"109","NCTP","BR","M","BR_N_M",10,"Maple",1,2,0,0,1,0,4,0
"110","NCTP","BR","M","BR_N_M",10,"Maple",2,2,0,0,1,0,1,0
"111","NCTP","BR","M","BR_N_M",10,"Maple",3,0,0,0,0,0,0,0
"112","NCTP","BR","M","BR_N_M",10,"Maple",4,1,0,0,0,0,2,0
"113","NCTP","BR","M","BR_N_M",10,"Maple",5,1,0,0,0,0,1,0
"114","NCTP","BR","M","BR_N_M",10,"Maple",6,1,0,0,0,0,1,0
"115","NCTP","BR","M","BR_N_M",10,"Maple",7,0,0,0,0,0,0,0
"116","NCTP","BR","M","BR_N_M",10,"Maple",8,1,0,0,0,0,1,0
"117","NCTP","BR","M","BR_N_M",10,"Maple",9,1,0,0,0,0,4,0
"118","NCTP","BR","M","BR_N_M",10,"Maple",10,1,0,0,0,0,2,0
"119","NCTP","BR","M","BR_N_M",10,"Maple",11,1,0,0,0,0,3,0
"120","NCTP","BR","M","BR_N_M",10,"Maple",12,1,0,0,0,0,2,0
"121","NCTP","BR","M","BR_N_M",11,"Maple",1,2,0,0,1,2,0,0
"122","NCTP","BR","M","BR_N_M",11,"Maple",2,2,0,0,2,8,0,0
"123","NCTP","BR","M","BR_N_M",11,"Maple",3,2,0,0,0,3,0,1
"124","NCTP","BR","M","BR_N_M",11,"Maple",4,3,0,0,6,10,1,0
"125","NCTP","BR","M","BR_N_M",11,"Maple",5,2,0,0,3,3,0,0
"126","NCTP","BR","M","BR_N_M",11,"Maple",6,1,0,0,1,0,0,0
"127","NCTP","BR","M","BR_N_M",11,"Maple",7,2,0,0,2,3,0,0
"128","NCTP","BR","M","BR_N_M",11,"Maple",8,4,1,0,5,9,2,0
"129","NCTP","BR","M","BR_N_M",11,"Maple",9,1,0,0,0,22,0,0
"130","NCTP","BR","M","BR_N_M",11,"Maple",10,3,0,0,1,15,1,0
"131","NCTP","BR","M","BR_N_M",11,"Maple",11,2,0,0,1,6,0,0
"132","NCTP","BR","M","BR_N_M",11,"Maple",12,1,0,0,0,1,0,0
"133","NCTP","BR","M","BR_N_M",12,"Walnut",1,2,0,1,1,0,0,0
"134","NCTP","BR","M","BR_N_M",12,"Walnut",2,3,0,0,4,0,1,1
"135","NCTP","BR","M","BR_N_M",12,"Walnut",3,2,0,0,1,0,3,0
"136","NCTP","BR","M","BR_N_M",12,"Walnut",4,0,0,0,0,0,0,0
"137","NCTP","BR","M","BR_N_M",12,"Walnut",5,1,0,0,0,0,1,0
"138","NCTP","BR","M","BR_N_M",12,"Walnut",6,0,0,0,0,0,0,0
"139","NCTP","BR","M","BR_N_M",12,"Walnut",7,1,0,0,2,0,0,0
"140","NCTP","BR","M","BR_N_M",12,"Walnut",8,0,0,0,0,0,0,0
"141","NCTP","BR","M","BR_N_M",12,"Walnut",9,2,0,0,4,0,1,0
"142","NCTP","BR","M","BR_N_M",12,"Walnut",10,1,0,0,3,0,0,0
"143","NCTP","BR","M","BR_N_M",12,"Walnut",11,0,0,0,0,0,0,0
"144","NCTP","BR","M","BR_N_M",12,"Walnut",12,0,0,0,0,0,0,0
"145","NCTP","BR","X","BR_N_X",13,"Hickory",1,1,0,0,1,0,0,0
"146","NCTP","BR","X","BR_N_X",13,"Hickory",2,1,0,0,1,0,0,0
"147","NCTP","BR","X","BR_N_X",13,"Hickory",3,3,0,0,4,0,3,1
"148","NCTP","BR","X","BR_N_X",13,"Hickory",4,3,1,0,2,0,7,0
"149","NCTP","BR","X","BR_N_X",13,"Hickory",5,1,0,0,1,0,0,0
"150","NCTP","BR","X","BR_N_X",13,"Hickory",6,2,1,0,2,0,0,0
"151","NCTP","BR","X","BR_N_X",13,"Hickory",7,2,0,0,1,0,3,0
"152","NCTP","BR","X","BR_N_X",13,"Hickory",8,1,0,0,2,0,0,0
"153","NCTP","BR","X","BR_N_X",13,"Hickory",9,3,1,0,1,0,2,0
"154","NCTP","BR","X","BR_N_X",13,"Hickory",10,2,0,0,4,0,2,0
"155","NCTP","BR","X","BR_N_X",13,"Hickory",11,3,1,0,3,0,3,0
"156","NCTP","BR","X","BR_N_X",13,"Hickory",12,2,0,0,5,0,1,0
"157","NCTP","BR","X","BR_N_X",14,"Maple",1,1,0,0,0,0,3,0
"158","NCTP","BR","X","BR_N_X",14,"Maple",2,1,1,0,0,0,0,0
"159","NCTP","BR","X","BR_N_X",14,"Maple",3,0,0,0,0,0,0,0
"160","NCTP","BR","X","BR_N_X",14,"Maple",4,1,0,0,0,0,1,0
"161","NCTP","BR","X","BR_N_X",14,"Maple",5,1,0,0,0,0,1,0
"162","NCTP","BR","X","BR_N_X",14,"Maple",6,0,0,0,0,0,0,0
"163","NCTP","BR","X","BR_N_X",14,"Maple",7,0,0,0,0,0,0,0
"164","NCTP","BR","X","BR_N_X",14,"Maple",8,0,0,0,0,0,0,0
"165","NCTP","BR","X","BR_N_X",14,"Maple",9,1,0,0,0,0,1,0
"166","NCTP","BR","X","BR_N_X",14,"Maple",10,0,0,0,0,0,0,0
"167","NCTP","BR","X","BR_N_X",14,"Maple",11,1,0,0,0,0,2,0
"168","NCTP","BR","X","BR_N_X",14,"Maple",12,1,0,0,0,0,1,0
"169","NCTP","BR","X","BR_N_X",15,"Red Oak",1,1,1,0,0,0,0,0
"170","NCTP","BR","X","BR_N_X",15,"Red Oak",2,0,0,0,0,0,0,0
"171","NCTP","BR","X","BR_N_X",15,"Red Oak",3,0,0,0,0,0,0,0
"172","NCTP","BR","X","BR_N_X",15,"Red Oak",4,1,0,0,0,0,1,0
"173","NCTP","BR","X","BR_N_X",15,"Red Oak",5,0,0,0,0,0,0,0
"174","NCTP","BR","X","BR_N_X",15,"Red Oak",6,0,0,0,0,0,0,0
"175","NCTP","BR","X","BR_N_X",15,"Red Oak",7,2,2,0,0,0,1,0
"176","NCTP","BR","X","BR_N_X",15,"Red Oak",8,0,0,0,0,0,0,0
"177","NCTP","BR","X","BR_N_X",15,"Red Oak",9,2,1,0,0,0,1,0
"178","NCTP","BR","X","BR_N_X",15,"Red Oak",10,1,1,0,0,0,0,0
"179","NCTP","BR","X","BR_N_X",15,"Red Oak",11,1,0,0,0,0,1,0
"180","NCTP","BR","X","BR_N_X",15,"Red Oak",12,2,1,0,1,0,0,0
"181","NCTP","BR","X","BR_N_X",16,"White Oak",1,1,0,0,2,0,0,0
"182","NCTP","BR","X","BR_N_X",16,"White Oak",2,1,0,0,0,0,2,0
"183","NCTP","BR","X","BR_N_X",16,"White Oak",3,2,0,0,0,1,3,0
"184","NCTP","BR","X","BR_N_X",16,"White Oak",4,1,0,0,0,0,2,0
"185","NCTP","BR","X","BR_N_X",16,"White Oak",5,1,0,0,0,0,2,0
"186","NCTP","BR","X","BR_N_X",16,"White Oak",6,1,0,0,0,0,1,0
"187","NCTP","BR","X","BR_N_X",16,"White Oak",7,0,0,0,0,0,0,0
"188","NCTP","BR","X","BR_N_X",16,"White Oak",8,1,0,0,0,0,5,0
"189","NCTP","BR","X","BR_N_X",16,"White Oak",9,1,0,0,1,0,0,0
"190","NCTP","BR","X","BR_N_X",16,"White Oak",10,0,0,0,0,0,0,0
"191","NCTP","BR","X","BR_N_X",16,"White Oak",11,1,0,0,0,0,1,0
"192","NCTP","BR","X","BR_N_X",16,"White Oak",12,1,0,0,0,0,2,0
"193","NCTP","CA","M","CA_F_M",17,"Ash",1,0,0,0,0,0,0,0
"194","NCTP","CA","M","CA_F_M",17,"Ash",2,0,0,0,0,0,0,0
"195","NCTP","CA","M","CA_F_M",17,"Ash",3,0,0,0,0,0,0,0
"196","NCTP","CA","M","CA_F_M",17,"Ash",4,0,0,0,0,0,0,0
"197","NCTP","CA","M","CA_F_M",17,"Ash",5,0,0,0,0,0,0,0
"198","NCTP","CA","M","CA_F_M",17,"Ash",6,0,0,0,0,0,0,0
"199","NCTP","CA","M","CA_F_M",17,"Ash",7,0,0,0,0,0,0,0
"200","NCTP","CA","M","CA_F_M",17,"Ash",8,0,0,0,0,0,0,0
"201","NCTP","CA","M","CA_F_M",17,"Ash",9,0,0,0,0,0,0,0
"202","NCTP","CA","M","CA_F_M",17,"Ash",10,0,0,0,0,0,0,0
"203","NCTP","CA","M","CA_F_M",17,"Ash",11,0,0,0,0,0,0,0
"204","NCTP","CA","M","CA_F_M",17,"Ash",12,0,0,0,0,0,0,0
"205","NCTP","CA","M","CA_F_M",18,"Beech",1,1,0,0,0,0,6,0
"206","NCTP","CA","M","CA_F_M",18,"Beech",2,2,0,0,0,0,5,1
"207","NCTP","CA","M","CA_F_M",18,"Beech",3,1,0,0,0,0,5,0
"208","NCTP","CA","M","CA_F_M",18,"Beech",4,1,0,0,0,0,5,0
"209","NCTP","CA","M","CA_F_M",18,"Beech",5,2,0,0,0,0,1,1
"210","NCTP","CA","M","CA_F_M",18,"Beech",6,1,0,0,0,0,3,0
"211","NCTP","CA","M","CA_F_M",18,"Beech",7,1,0,0,0,0,3,0
"212","NCTP","CA","M","CA_F_M",18,"Beech",8,1,0,0,0,0,10,0
"213","NCTP","CA","M","CA_F_M",18,"Beech",9,1,0,0,0,0,6,0
"214","NCTP","CA","M","CA_F_M",18,"Beech",10,1,0,0,0,0,10,0
"215","NCTP","CA","M","CA_F_M",18,"Beech",11,1,0,0,0,0,5,0
"216","NCTP","CA","M","CA_F_M",18,"Beech",12,2,0,0,0,0,3,1
"217","NCTP","CA","M","CA_F_M",19,"Tulip",1,1,0,0,1,0,0,0
"218","NCTP","CA","M","CA_F_M",19,"Tulip",2,1,0,0,0,0,2,0
"219","NCTP","CA","M","CA_F_M",19,"Tulip",3,0,0,0,0,0,0,0
"220","NCTP","CA","M","CA_F_M",19,"Tulip",4,0,0,0,0,0,0,0
"221","NCTP","CA","M","CA_F_M",19,"Tulip",5,2,0,0,0,1,1,0
"222","NCTP","CA","M","CA_F_M",19,"Tulip",6,1,0,0,0,0,0,1
"223","NCTP","CA","M","CA_F_M",19,"Tulip",7,1,0,0,0,0,0,1
"224","NCTP","CA","M","CA_F_M",19,"Tulip",8,2,0,0,0,1,0,1
"225","NCTP","CA","M","CA_F_M",19,"Tulip",9,0,0,0,0,0,0,0
"226","NCTP","CA","M","CA_F_M",19,"Tulip",10,0,0,0,0,0,0,0
"227","NCTP","CA","M","CA_F_M",19,"Tulip",11,1,0,0,0,0,1,0
"228","NCTP","CA","M","CA_F_M",19,"Tulip",12,0,0,0,0,0,0,0
"229","NCTP","CA","M","CA_F_M",20,"Tulip",1,0,0,0,0,0,0,0
"230","NCTP","CA","M","CA_F_M",20,"Tulip",2,0,0,0,0,0,0,0
"231","NCTP","CA","M","CA_F_M",20,"Tulip",3,1,0,0,0,0,1,0
"232","NCTP","CA","M","CA_F_M",20,"Tulip",4,1,0,0,0,0,0,1
"233","NCTP","CA","M","CA_F_M",20,"Tulip",5,0,0,0,0,0,0,0
"234","NCTP","CA","M","CA_F_M",20,"Tulip",6,0,0,0,0,0,0,0
"235","NCTP","CA","M","CA_F_M",20,"Tulip",7,2,0,0,0,0,3,1
"236","NCTP","CA","M","CA_F_M",20,"Tulip",8,0,0,0,0,0,0,0
"237","NCTP","CA","M","CA_F_M",20,"Tulip",9,1,0,0,0,0,0,1
"238","NCTP","CA","M","CA_F_M",20,"Tulip",10,0,0,0,0,0,0,0
"239","NCTP","CA","M","CA_F_M",20,"Tulip",11,1,0,0,0,0,1,0
"240","NCTP","CA","M","CA_F_M",20,"Tulip",12,1,0,0,0,0,0,2
"241","NCTP","CA","X","CA_F_X",21,"Ash",1,1,0,0,0,0,1,0
"242","NCTP","CA","X","CA_F_X",21,"Ash",2,1,0,0,0,0,1,0
"243","NCTP","CA","X","CA_F_X",21,"Ash",3,1,0,0,0,0,1,0
"244","NCTP","CA","X","CA_F_X",21,"Ash",4,0,0,0,0,0,0,0
"245","NCTP","CA","X","CA_F_X",21,"Ash",5,0,0,0,0,0,0,0
"246","NCTP","CA","X","CA_F_X",21,"Ash",6,1,0,0,0,0,1,0
"247","NCTP","CA","X","CA_F_X",21,"Ash",7,0,0,0,0,0,0,0
"248","NCTP","CA","X","CA_F_X",21,"Ash",8,1,0,0,0,0,2,0
"249","NCTP","CA","X","CA_F_X",21,"Ash",9,1,0,0,0,0,1,0
"250","NCTP","CA","X","CA_F_X",21,"Ash",10,1,0,0,0,0,1,0
"251","NCTP","CA","X","CA_F_X",21,"Ash",11,1,0,0,0,0,1,0
"252","NCTP","CA","X","CA_F_X",21,"Ash",12,1,0,0,0,0,1,0
"253","NCTP","CA","X","CA_F_X",22,"Maple",1,1,0,0,0,0,3,0
"254","NCTP","CA","X","CA_F_X",22,"Maple",2,1,0,0,0,0,1,0
"255","NCTP","CA","X","CA_F_X",22,"Maple",3,1,0,0,0,0,1,0
"256","NCTP","CA","X","CA_F_X",22,"Maple",4,1,0,0,0,0,1,0
"257","NCTP","CA","X","CA_F_X",22,"Maple",5,1,0,0,0,0,3,0
"258","NCTP","CA","X","CA_F_X",22,"Maple",6,0,0,0,0,0,0,0
"259","NCTP","CA","X","CA_F_X",22,"Maple",7,0,0,0,0,0,0,0
"260","NCTP","CA","X","CA_F_X",22,"Maple",8,1,0,0,0,0,3,0
"261","NCTP","CA","X","CA_F_X",22,"Maple",9,1,0,0,1,0,0,0
"262","NCTP","CA","X","CA_F_X",22,"Maple",10,1,0,0,0,0,1,0
"263","NCTP","CA","X","CA_F_X",22,"Maple",11,2,0,0,0,1,1,0
"264","NCTP","CA","X","CA_F_X",22,"Maple",12,2,0,0,2,0,2,0
"265","NCTP","CA","X","CA_F_X",23,"Red Oak",1,0,0,0,0,0,0,0
"266","NCTP","CA","X","CA_F_X",23,"Red Oak",2,0,0,0,0,0,0,0
"267","NCTP","CA","X","CA_F_X",23,"Red Oak",3,0,0,0,0,0,0,0
"268","NCTP","CA","X","CA_F_X",23,"Red Oak",4,0,0,0,0,0,0,0
"269","NCTP","CA","X","CA_F_X",23,"Red Oak",5,0,0,0,0,0,0,0
"270","NCTP","CA","X","CA_F_X",23,"Red Oak",6,1,0,0,0,0,0,1
"271","NCTP","CA","X","CA_F_X",23,"Red Oak",7,0,0,0,0,0,0,0
"272","NCTP","CA","X","CA_F_X",23,"Red Oak",8,0,0,0,0,0,0,0
"273","NCTP","CA","X","CA_F_X",23,"Red Oak",9,0,0,0,0,0,0,0
"274","NCTP","CA","X","CA_F_X",23,"Red Oak",10,0,0,0,0,0,0,0
"275","NCTP","CA","X","CA_F_X",23,"Red Oak",11,0,0,0,0,0,0,0
"276","NCTP","CA","X","CA_F_X",23,"Red Oak",12,0,0,0,0,0,0,0
"277","NCTP","CA","X","CA_F_X",24,"White Oak",1,0,0,0,0,0,0,0
"278","NCTP","CA","X","CA_F_X",24,"White Oak",2,1,0,0,0,0,1,0
"279","NCTP","CA","X","CA_F_X",24,"White Oak",3,0,0,0,0,0,0,0
"280","NCTP","CA","X","CA_F_X",24,"White Oak",4,0,0,0,0,0,0,0
"281","NCTP","CA","X","CA_F_X",24,"White Oak",5,0,0,0,0,0,0,0
"282","NCTP","CA","X","CA_F_X",24,"White Oak",6,1,0,0,0,0,0,1
"283","NCTP","CA","X","CA_F_X",24,"White Oak",7,1,0,0,0,0,1,0
"284","NCTP","CA","X","CA_F_X",24,"White Oak",8,1,0,0,0,0,1,0
"285","NCTP","CA","X","CA_F_X",24,"White Oak",9,0,0,0,0,0,0,0
"286","NCTP","CA","X","CA_F_X",24,"White Oak",10,0,0,0,0,0,0,0
"287","NCTP","CA","X","CA_F_X",24,"White Oak",11,1,0,0,1,0,0,0
"288","NCTP","CA","X","CA_F_X",24,"White Oak",12,0,0,0,0,0,0,0
"289","NCTP","CA","M","CA_N_M",25,"Maple",1,0,0,0,0,0,0,0
"290","NCTP","CA","M","CA_N_M",25,"Maple",2,1,0,0,0,2,0,0
"291","NCTP","CA","M","CA_N_M",25,"Maple",3,2,0,0,0,1,2,0
"292","NCTP","CA","M","CA_N_M",25,"Maple",4,0,0,0,0,0,0,0
"293","NCTP","CA","M","CA_N_M",25,"Maple",5,0,0,0,0,0,0,0
"294","NCTP","CA","M","CA_N_M",25,"Maple",6,1,0,0,0,0,2,0
"295","NCTP","CA","M","CA_N_M",25,"Maple",7,2,0,0,0,1,1,0
"296","NCTP","CA","M","CA_N_M",25,"Maple",8,1,0,0,0,2,0,0
"297","NCTP","CA","M","CA_N_M",25,"Maple",9,1,0,0,0,0,0,1
"298","NCTP","CA","M","CA_N_M",25,"Maple",10,0,0,0,0,0,0,0
"299","NCTP","CA","M","CA_N_M",25,"Maple",11,1,0,0,0,1,0,0
"300","NCTP","CA","M","CA_N_M",25,"Maple",12,1,0,0,0,0,1,0
"301","NCTP","CA","M","CA_N_M",26,"Sycamore",1,1,0,0,0,0,3,0
"302","NCTP","CA","M","CA_N_M",26,"Sycamore",2,1,0,0,0,0,2,0
"303","NCTP","CA","M","CA_N_M",26,"Sycamore",3,1,0,0,0,0,2,0
"304","NCTP","CA","M","CA_N_M",26,"Sycamore",4,1,0,0,0,0,1,0
"305","NCTP","CA","M","CA_N_M",26,"Sycamore",5,1,0,0,0,0,2,0
"306","NCTP","CA","M","CA_N_M",26,"Sycamore",6,2,0,0,0,0,2,1
"307","NCTP","CA","M","CA_N_M",26,"Sycamore",7,1,0,0,0,0,1,0
"308","NCTP","CA","M","CA_N_M",26,"Sycamore",8,1,0,0,0,0,3,0
"309","NCTP","CA","M","CA_N_M",26,"Sycamore",9,1,0,0,0,0,1,0
"310","NCTP","CA","M","CA_N_M",26,"Sycamore",10,1,0,0,0,0,3,0
"311","NCTP","CA","M","CA_N_M",26,"Sycamore",11,1,0,0,0,0,3,0
"312","NCTP","CA","M","CA_N_M",26,"Sycamore",12,1,0,0,0,0,3,0
"313","NCTP","CA","M","CA_N_M",27,"Sycamore",1,1,0,0,0,0,2,0
"314","NCTP","CA","M","CA_N_M",27,"Sycamore",2,1,0,0,0,0,1,0
"315","NCTP","CA","M","CA_N_M",27,"Sycamore",3,1,0,0,0,0,4,0
"316","NCTP","CA","M","CA_N_M",27,"Sycamore",4,1,0,0,0,0,3,0
"317","NCTP","CA","M","CA_N_M",27,"Sycamore",5,1,0,0,0,0,3,0
"318","NCTP","CA","M","CA_N_M",27,"Sycamore",6,2,0,0,0,0,3,1
"319","NCTP","CA","M","CA_N_M",27,"Sycamore",7,1,0,0,0,0,6,0
"320","NCTP","CA","M","CA_N_M",27,"Sycamore",8,1,0,0,0,0,1,0
"321","NCTP","CA","M","CA_N_M",27,"Sycamore",9,1,0,0,0,0,4,0
"322","NCTP","CA","M","CA_N_M",27,"Sycamore",10,1,0,0,0,0,5,0
"323","NCTP","CA","M","CA_N_M",27,"Sycamore",11,1,0,0,0,0,6,0
"324","NCTP","CA","M","CA_N_M",27,"Sycamore",12,0,0,0,0,0,0,0
"325","NCTP","CA","M","CA_N_M",28,"Tulip",1,0,0,0,0,0,0,0
"326","NCTP","CA","M","CA_N_M",28,"Tulip",2,1,0,0,0,0,3,0
"327","NCTP","CA","M","CA_N_M",28,"Tulip",3,0,0,0,0,0,0,0
"328","NCTP","CA","M","CA_N_M",28,"Tulip",4,1,0,0,0,0,2,0
"329","NCTP","CA","M","CA_N_M",28,"Tulip",5,1,0,0,0,0,0,1
"330","NCTP","CA","M","CA_N_M",28,"Tulip",6,0,0,0,0,0,0,0
"331","NCTP","CA","M","CA_N_M",28,"Tulip",7,1,0,0,0,1,0,0
"332","NCTP","CA","M","CA_N_M",28,"Tulip",8,0,0,0,0,0,0,0
"333","NCTP","CA","M","CA_N_M",28,"Tulip",9,0,0,0,0,0,0,0
"334","NCTP","CA","M","CA_N_M",28,"Tulip",10,2,0,0,0,0,1,1
"335","NCTP","CA","M","CA_N_M",28,"Tulip",11,1,0,0,0,0,1,0
"336","NCTP","CA","M","CA_N_M",28,"Tulip",12,0,0,0,0,0,0,0
"337","NCTP","CA","X","CA_N_X",29,"Beech",1,0,0,0,0,0,0,0
"338","NCTP","CA","X","CA_N_X",29,"Beech",2,0,0,0,0,0,0,0
"339","NCTP","CA","X","CA_N_X",29,"Beech",3,0,0,0,0,0,0,0
"340","NCTP","CA","X","CA_N_X",29,"Beech",4,1,0,0,0,0,1,0
"341","NCTP","CA","X","CA_N_X",29,"Beech",5,1,0,0,0,0,0,1
"342","NCTP","CA","X","CA_N_X",29,"Beech",6,0,0,0,0,0,0,0
"343","NCTP","CA","X","CA_N_X",29,"Beech",7,0,0,0,0,0,0,0
"344","NCTP","CA","X","CA_N_X",29,"Beech",8,0,0,0,0,0,0,0
"345","NCTP","CA","X","CA_N_X",29,"Beech",9,0,0,0,0,0,0,0
"346","NCTP","CA","X","CA_N_X",29,"Beech",10,0,0,0,0,0,0,0
"347","NCTP","CA","X","CA_N_X",29,"Beech",11,0,0,0,0,0,0,0
"348","NCTP","CA","X","CA_N_X",29,"Beech",12,0,0,0,0,0,0,0
"349","NCTP","CA","X","CA_N_X",30,"Maple",1,2,0,0,1,0,0,1
"350","NCTP","CA","X","CA_N_X",30,"Maple",2,0,0,0,0,0,0,0
"351","NCTP","CA","X","CA_N_X",30,"Maple",3,0,0,0,0,0,0,0
"352","NCTP","CA","X","CA_N_X",30,"Maple",4,0,0,0,0,0,0,0
"353","NCTP","CA","X","CA_N_X",30,"Maple",5,2,0,0,0,2,1,0
"354","NCTP","CA","X","CA_N_X",30,"Maple",6,1,0,0,0,0,0,1
"355","NCTP","CA","X","CA_N_X",30,"Maple",7,1,0,0,0,0,1,0
"356","NCTP","CA","X","CA_N_X",30,"Maple",8,1,0,0,0,0,2,0
"357","NCTP","CA","X","CA_N_X",30,"Maple",9,1,0,0,0,0,0,1
"358","NCTP","CA","X","CA_N_X",30,"Maple",10,0,0,0,0,0,0,0
"359","NCTP","CA","X","CA_N_X",30,"Maple",11,2,0,0,1,0,0,1
"360","NCTP","CA","X","CA_N_X",30,"Maple",12,0,0,0,0,0,0,0
"361","NCTP","CA","X","CA_N_X",31,"Red Oak",1,0,0,0,0,0,0,0
"362","NCTP","CA","X","CA_N_X",31,"Red Oak",2,1,0,0,0,1,0,0
"363","NCTP","CA","X","CA_N_X",31,"Red Oak",3,0,0,0,0,0,0,0
"364","NCTP","CA","X","CA_N_X",31,"Red Oak",4,0,0,0,0,0,0,0
"365","NCTP","CA","X","CA_N_X",31,"Red Oak",5,0,0,0,0,0,0,0
"366","NCTP","CA","X","CA_N_X",31,"Red Oak",6,0,0,0,0,0,0,0
"367","NCTP","CA","X","CA_N_X",31,"Red Oak",7,0,0,0,0,0,0,0
"368","NCTP","CA","X","CA_N_X",31,"Red Oak",8,1,0,0,0,0,2,0
"369","NCTP","CA","X","CA_N_X",31,"Red Oak",9,1,0,0,0,1,0,0
"370","NCTP","CA","X","CA_N_X",31,"Red Oak",10,1,0,0,0,1,0,0
"371","NCTP","CA","X","CA_N_X",31,"Red Oak",11,1,0,0,1,0,0,0
"372","NCTP","CA","X","CA_N_X",31,"Red Oak",12,0,0,0,0,0,0,0
"373","NCTP","CA","X","CA_N_X",32,"White Oak",1,0,0,0,0,0,0,0
"374","NCTP","CA","X","CA_N_X",32,"White Oak",2,0,0,0,0,0,0,0
"375","NCTP","CA","X","CA_N_X",32,"White Oak",3,0,0,0,0,0,0,0
"376","NCTP","CA","X","CA_N_X",32,"White Oak",4,0,0,0,0,0,0,0
"377","NCTP","CA","X","CA_N_X",32,"White Oak",5,0,0,0,0,0,0,0
"378","NCTP","CA","X","CA_N_X",32,"White Oak",6,0,0,0,0,0,0,0
"379","NCTP","CA","X","CA_N_X",32,"White Oak",7,0,0,0,0,0,0,0
"380","NCTP","CA","X","CA_N_X",32,"White Oak",8,1,0,0,0,0,0,2
"381","NCTP","CA","X","CA_N_X",32,"White Oak",9,0,0,0,0,0,0,0
"382","NCTP","CA","X","CA_N_X",32,"White Oak",10,1,0,0,0,0,0,1
"383","NCTP","CA","X","CA_N_X",32,"White Oak",11,0,0,0,0,0,0,0
"384","NCTP","CA","X","CA_N_X",32,"White Oak",12,0,0,0,0,0,0,0
"385","NCTP","HU","M","HU_L_M",65,"Sycamore",1,0,0,0,0,0,0,0
"386","NCTP","HU","M","HU_L_M",65,"Sycamore",2,0,0,0,0,0,0,0
"387","NCTP","HU","M","HU_L_M",65,"Sycamore",3,0,0,0,0,0,0,0
"388","NCTP","HU","M","HU_L_M",65,"Sycamore",4,0,0,0,0,0,0,0
"389","NCTP","HU","M","HU_L_M",65,"Sycamore",5,0,0,0,0,0,0,0
"390","NCTP","HU","M","HU_L_M",65,"Sycamore",6,0,0,0,0,0,0,0
"391","NCTP","HU","M","HU_L_M",65,"Sycamore",7,0,0,0,0,0,0,0
"392","NCTP","HU","M","HU_L_M",65,"Sycamore",8,0,0,0,0,0,0,0
"393","NCTP","HU","M","HU_L_M",65,"Sycamore",9,1,0,0,0,0,1,0
"394","NCTP","HU","M","HU_L_M",65,"Sycamore",10,1,0,0,0,0,1,0
"395","NCTP","HU","M","HU_L_M",65,"Sycamore",11,1,0,0,0,0,1,0
"396","NCTP","HU","M","HU_L_M",65,"Sycamore",12,1,0,0,0,1,0,0
"397","NCTP","HU","M","HU_L_M",66,"Tulip",1,1,0,0,0,0,2,0
"398","NCTP","HU","M","HU_L_M",66,"Tulip",2,1,0,0,0,0,1,0
"399","NCTP","HU","M","HU_L_M",66,"Tulip",3,1,0,0,0,0,1,0
"400","NCTP","HU","M","HU_L_M",66,"Tulip",4,1,0,0,0,0,2,0
"401","NCTP","HU","M","HU_L_M",66,"Tulip",5,1,0,0,0,0,2,0
"402","NCTP","HU","M","HU_L_M",66,"Tulip",6,1,0,0,0,0,1,0
"403","NCTP","HU","M","HU_L_M",66,"Tulip",7,1,0,0,0,0,2,0
"404","NCTP","HU","M","HU_L_M",66,"Tulip",8,0,0,0,0,0,0,0
"405","NCTP","HU","M","HU_L_M",66,"Tulip",9,0,0,0,0,0,0,0
"406","NCTP","HU","M","HU_L_M",66,"Tulip",10,0,0,0,0,0,0,0
"407","NCTP","HU","M","HU_L_M",66,"Tulip",11,0,0,0,0,0,0,0
"408","NCTP","HU","M","HU_L_M",66,"Tulip",12,1,1,0,0,0,0,0
"409","NCTP","HU","M","HU_L_M",67,"Tulip",1,0,0,0,0,0,0,0
"410","NCTP","HU","M","HU_L_M",67,"Tulip",2,1,0,0,0,0,4,0
"411","NCTP","HU","M","HU_L_M",67,"Tulip",3,0,0,0,0,0,0,0
"412","NCTP","HU","M","HU_L_M",67,"Tulip",4,0,0,0,0,0,0,0
"413","NCTP","HU","M","HU_L_M",67,"Tulip",5,2,0,0,0,1,1,0
"414","NCTP","HU","M","HU_L_M",67,"Tulip",6,0,0,0,0,0,0,0
"415","NCTP","HU","M","HU_L_M",67,"Tulip",7,0,0,0,0,0,0,0
"416","NCTP","HU","M","HU_L_M",67,"Tulip",8,0,0,0,0,0,0,0
"417","NCTP","HU","M","HU_L_M",67,"Tulip",9,1,0,0,1,0,0,0
"418","NCTP","HU","M","HU_L_M",67,"Tulip",10,1,0,0,0,0,1,0
"419","NCTP","HU","M","HU_L_M",67,"Tulip",11,0,0,0,0,0,0,0
"420","NCTP","HU","M","HU_L_M",67,"Tulip",12,1,0,0,0,0,1,0
"421","NCTP","HU","M","HU_L_M",68,"Walnut",1,0,0,0,0,0,0,0
"422","NCTP","HU","M","HU_L_M",68,"Walnut",2,0,0,0,0,0,0,0
"423","NCTP","HU","M","HU_L_M",68,"Walnut",3,0,0,0,0,0,0,0
"424","NCTP","HU","M","HU_L_M",68,"Walnut",4,1,0,0,0,0,1,0
"425","NCTP","HU","M","HU_L_M",68,"Walnut",5,0,0,0,0,0,0,0
"426","NCTP","HU","M","HU_L_M",68,"Walnut",6,0,0,0,0,0,0,0
"427","NCTP","HU","M","HU_L_M",68,"Walnut",7,0,0,0,0,0,0,0
"428","NCTP","HU","M","HU_L_M",68,"Walnut",8,0,0,0,0,0,0,0
"429","NCTP","HU","M","HU_L_M",68,"Walnut",9,0,0,0,0,0,0,0
"430","NCTP","HU","M","HU_L_M",68,"Walnut",10,0,0,0,0,0,0,0
"431","NCTP","HU","M","HU_L_M",68,"Walnut",11,2,0,0,0,1,0,1
"432","NCTP","HU","M","HU_L_M",68,"Walnut",12,1,0,0,0,0,1,0
"433","NCTP","HU","X","HU_L_X",69,"Beech",1,2,0,0,0,0,2,1
"434","NCTP","HU","X","HU_L_X",69,"Beech",2,1,0,0,0,0,1,0
"435","NCTP","HU","X","HU_L_X",69,"Beech",3,1,0,0,0,0,5,0
"436","NCTP","HU","X","HU_L_X",69,"Beech",4,2,0,0,0,0,5,1
"437","NCTP","HU","X","HU_L_X",69,"Beech",5,2,0,0,0,1,9,0
"438","NCTP","HU","X","HU_L_X",69,"Beech",6,1,0,0,0,0,8,0
"439","NCTP","HU","X","HU_L_X",69,"Beech",7,2,0,0,2,0,3,0
"440","NCTP","HU","X","HU_L_X",69,"Beech",8,2,0,0,0,1,6,0
"441","NCTP","HU","X","HU_L_X",69,"Beech",9,2,0,0,0,1,2,0
"442","NCTP","HU","X","HU_L_X",69,"Beech",10,1,0,0,0,0,2,0
"443","NCTP","HU","X","HU_L_X",69,"Beech",11,1,0,0,0,0,1,0
"444","NCTP","HU","X","HU_L_X",69,"Beech",12,1,0,0,0,0,1,0
"445","NCTP","HU","X","HU_L_X",70,"White Oak",1,2,0,0,1,0,16,0
"446","NCTP","HU","X","HU_L_X",70,"White Oak",2,3,0,1,0,0,5,1
"447","NCTP","HU","X","HU_L_X",70,"White Oak",3,3,0,0,0,2,7,1
"448","NCTP","HU","X","HU_L_X",70,"White Oak",4,2,0,0,0,1,5,0
"449","NCTP","HU","X","HU_L_X",70,"White Oak",5,3,0,0,0,1,19,4
"450","NCTP","HU","X","HU_L_X",70,"White Oak",6,3,0,0,0,2,8,1
"451","NCTP","HU","X","HU_L_X",70,"White Oak",7,1,0,0,0,0,1,0
"452","NCTP","HU","X","HU_L_X",70,"White Oak",8,3,0,0,1,2,10,0
"453","NCTP","HU","X","HU_L_X",70,"White Oak",9,3,0,0,0,1,1,1
"454","NCTP","HU","X","HU_L_X",70,"White Oak",10,0,0,0,0,0,0,0
"455","NCTP","HU","X","HU_L_X",70,"White Oak",11,0,0,0,0,0,0,0
"456","NCTP","HU","X","HU_L_X",70,"White Oak",12,0,0,0,0,0,0,0
"457","NCTP","HU","X","HU_L_X",71,"Maple",1,1,0,0,0,0,1,0
"458","NCTP","HU","X","HU_L_X",71,"Maple",2,1,0,0,0,0,3,0
"459","NCTP","HU","X","HU_L_X",71,"Maple",3,1,0,0,0,0,1,0
"460","NCTP","HU","X","HU_L_X",71,"Maple",4,1,0,0,0,0,2,0
"461","NCTP","HU","X","HU_L_X",71,"Maple",5,2,0,0,0,1,2,0
"462","NCTP","HU","X","HU_L_X",71,"Maple",6,1,0,0,0,0,1,0
"463","NCTP","HU","X","HU_L_X",71,"Maple",7,1,0,0,0,0,1,0
"464","NCTP","HU","X","HU_L_X",71,"Maple",8,1,0,0,0,0,1,0
"465","NCTP","HU","X","HU_L_X",71,"Maple",9,0,0,0,0,0,0,0
"466","NCTP","HU","X","HU_L_X",71,"Maple",10,1,0,0,0,0,0,2
"467","NCTP","HU","X","HU_L_X",71,"Maple",11,1,0,0,0,0,1,0
"468","NCTP","HU","X","HU_L_X",71,"Maple",12,1,0,0,0,1,0,0
"469","NCTP","HU","X","HU_L_X",72,"Red Oak",1,2,0,0,0,0,1,1
"470","NCTP","HU","X","HU_L_X",72,"Red Oak",2,1,0,0,0,1,0,0
"471","NCTP","HU","X","HU_L_X",72,"Red Oak",3,1,0,0,0,0,2,0
"472","NCTP","HU","X","HU_L_X",72,"Red Oak",4,1,0,0,0,0,3,0
"473","NCTP","HU","X","HU_L_X",72,"Red Oak",5,1,0,0,0,0,1,0
"474","NCTP","HU","X","HU_L_X",72,"Red Oak",6,1,0,0,0,0,2,0
"475","NCTP","HU","X","HU_L_X",72,"Red Oak",7,1,0,0,0,0,2,0
"476","NCTP","HU","X","HU_L_X",72,"Red Oak",8,1,0,0,0,0,2,0
"477","NCTP","HU","X","HU_L_X",72,"Red Oak",9,1,0,0,0,0,1,0
"478","NCTP","HU","X","HU_L_X",72,"Red Oak",10,1,0,0,0,0,1,0
"479","NCTP","HU","X","HU_L_X",72,"Red Oak",11,2,0,0,0,2,1,0
"480","NCTP","HU","X","HU_L_X",72,"Red Oak",12,2,0,0,0,1,5,0
"481","NCTP","HU","M","HU_R_M",73,"Maple",1,0,0,0,0,0,0,0
"482","NCTP","HU","M","HU_R_M",73,"Maple",2,0,0,0,0,0,0,0
"483","NCTP","HU","M","HU_R_M",73,"Maple",3,0,0,0,0,0,0,0
"484","NCTP","HU","M","HU_R_M",73,"Maple",4,0,0,0,0,0,0,0
"485","NCTP","HU","M","HU_R_M",73,"Maple",5,0,0,0,0,0,0,0
"486","NCTP","HU","M","HU_R_M",73,"Maple",6,0,0,0,0,0,0,0
"487","NCTP","HU","M","HU_R_M",73,"Maple",7,0,0,0,0,0,0,0
"488","NCTP","HU","M","HU_R_M",73,"Maple",8,1,0,0,1,0,0,0
"489","NCTP","HU","M","HU_R_M",73,"Maple",9,1,0,0,1,0,0,0
"490","NCTP","HU","M","HU_R_M",73,"Maple",10,1,0,0,3,0,0,0
"491","NCTP","HU","M","HU_R_M",73,"Maple",11,0,0,0,0,0,0,0
"492","NCTP","HU","M","HU_R_M",73,"Maple",12,1,0,0,0,0,0,1
"493","NCTP","HU","M","HU_R_M",74,"Sycamore",1,0,0,0,0,0,0,0
"494","NCTP","HU","M","HU_R_M",74,"Sycamore",2,1,0,0,1,0,0,0
"495","NCTP","HU","M","HU_R_M",74,"Sycamore",3,1,0,0,1,0,0,0
"496","NCTP","HU","M","HU_R_M",74,"Sycamore",4,1,0,0,0,0,1,0
"497","NCTP","HU","M","HU_R_M",74,"Sycamore",5,1,0,0,0,0,1,0
"498","NCTP","HU","M","HU_R_M",74,"Sycamore",6,0,0,0,0,0,0,0
"499","NCTP","HU","M","HU_R_M",74,"Sycamore",7,0,0,0,0,0,0,0
"500","NCTP","HU","M","HU_R_M",74,"Sycamore",8,2,0,0,2,0,1,0
"501","NCTP","HU","M","HU_R_M",74,"Sycamore",9,1,0,0,2,0,0,0
"502","NCTP","HU","M","HU_R_M",74,"Sycamore",10,1,0,0,0,0,1,0
"503","NCTP","HU","M","HU_R_M",74,"Sycamore",11,1,1,0,0,0,0,0
"504","NCTP","HU","M","HU_R_M",74,"Sycamore",12,0,0,0,0,0,0,0
"505","NCTP","HU","M","HU_R_M",75,"Sycamore",1,2,0,0,0,2,1,0
"506","NCTP","HU","M","HU_R_M",75,"Sycamore",2,1,1,0,0,0,0,0
"507","NCTP","HU","M","HU_R_M",75,"Sycamore",3,1,0,0,2,0,0,0
"508","NCTP","HU","M","HU_R_M",75,"Sycamore",4,0,0,0,0,0,0,0
"509","NCTP","HU","M","HU_R_M",75,"Sycamore",5,1,0,0,0,1,0,0
"510","NCTP","HU","M","HU_R_M",75,"Sycamore",6,0,0,0,0,0,0,0
"511","NCTP","HU","M","HU_R_M",75,"Sycamore",7,0,0,0,0,0,0,0
"512","NCTP","HU","M","HU_R_M",75,"Sycamore",8,0,0,0,0,0,0,0
"513","NCTP","HU","M","HU_R_M",75,"Sycamore",9,1,0,0,1,0,0,0
"514","NCTP","HU","M","HU_R_M",75,"Sycamore",10,0,0,0,0,0,0,0
"515","NCTP","HU","M","HU_R_M",75,"Sycamore",11,0,0,0,0,0,0,0
"516","NCTP","HU","M","HU_R_M",75,"Sycamore",12,1,0,0,0,0,0,1
"517","NCTP","HU","M","HU_R_M",76,"White Oak",1,4,0,0,1,4,3,1
"518","NCTP","HU","M","HU_R_M",76,"White Oak",2,4,0,0,1,8,2,1
"519","NCTP","HU","M","HU_R_M",76,"White Oak",3,2,0,0,0,6,1,0
"520","NCTP","HU","M","HU_R_M",76,"White Oak",4,2,0,0,0,4,1,0
"521","NCTP","HU","M","HU_R_M",76,"White Oak",5,1,0,0,0,1,0,0
"522","NCTP","HU","M","HU_R_M",76,"White Oak",6,1,0,0,0,6,0,0
"523","NCTP","HU","M","HU_R_M",76,"White Oak",7,2,0,0,0,2,1,0
"524","NCTP","HU","M","HU_R_M",76,"White Oak",8,1,0,0,0,3,0,0
"525","NCTP","HU","M","HU_R_M",76,"White Oak",9,3,0,0,0,4,5,1
"526","NCTP","HU","M","HU_R_M",76,"White Oak",10,4,0,0,3,18,4,2
"527","NCTP","HU","M","HU_R_M",76,"White Oak",11,3,0,0,9,5,0,1
"528","NCTP","HU","M","HU_R_M",76,"White Oak",12,4,0,0,6,8,3,1
"529","NCTP","HU","X","HU_R_X",77,"Beech",1,2,0,0,0,1,1,0
"530","NCTP","HU","X","HU_R_X",77,"Beech",2,1,0,0,0,0,2,0
"531","NCTP","HU","X","HU_R_X",77,"Beech",3,2,0,0,2,0,3,0
"532","NCTP","HU","X","HU_R_X",77,"Beech",4,2,0,0,2,0,3,0
"533","NCTP","HU","X","HU_R_X",77,"Beech",5,1,0,0,0,0,2,0
"534","NCTP","HU","X","HU_R_X",77,"Beech",6,2,0,0,1,0,2,0
"535","NCTP","HU","X","HU_R_X",77,"Beech",7,2,0,0,0,0,2,2
"536","NCTP","HU","X","HU_R_X",77,"Beech",8,1,0,0,1,0,0,0
"537","NCTP","HU","X","HU_R_X",77,"Beech",9,2,0,0,0,1,1,0
"538","NCTP","HU","X","HU_R_X",77,"Beech",10,1,0,0,0,0,1,0
"539","NCTP","HU","X","HU_R_X",77,"Beech",11,1,0,0,0,0,1,0
"540","NCTP","HU","X","HU_R_X",77,"Beech",12,0,0,0,0,0,0,0
"541","NCTP","HU","X","HU_R_X",78,"Maple",1,2,0,0,0,0,1,1
"542","NCTP","HU","X","HU_R_X",78,"Maple",2,1,0,0,0,0,1,0
"543","NCTP","HU","X","HU_R_X",78,"Maple",3,1,0,0,0,0,0,1
"544","NCTP","HU","X","HU_R_X",78,"Maple",4,0,0,0,0,0,0,0
"545","NCTP","HU","X","HU_R_X",78,"Maple",5,1,0,0,0,0,0,1
"546","NCTP","HU","X","HU_R_X",78,"Maple",6,0,0,0,0,0,0,0
"547","NCTP","HU","X","HU_R_X",78,"Maple",7,0,0,0,0,0,0,0
"548","NCTP","HU","X","HU_R_X",78,"Maple",8,0,0,0,0,0,0,0
"549","NCTP","HU","X","HU_R_X",78,"Maple",9,2,0,0,1,0,0,1
"550","NCTP","HU","X","HU_R_X",78,"Maple",10,0,0,0,0,0,0,0
"551","NCTP","HU","X","HU_R_X",78,"Maple",11,0,0,0,0,0,0,0
"552","NCTP","HU","X","HU_R_X",78,"Maple",12,0,0,0,0,0,0,0
"553","NCTP","HU","X","HU_R_X",79,"Red Oak",1,1,0,0,1,0,0,0
"554","NCTP","HU","X","HU_R_X",79,"Red Oak",2,2,0,0,1,0,1,0
"555","NCTP","HU","X","HU_R_X",79,"Red Oak",3,2,0,0,3,0,3,0
"556","NCTP","HU","X","HU_R_X",79,"Red Oak",4,1,0,0,0,0,1,0
"557","NCTP","HU","X","HU_R_X",79,"Red Oak",5,2,0,0,1,0,1,0
"558","NCTP","HU","X","HU_R_X",79,"Red Oak",6,1,0,0,0,0,2,0
"559","NCTP","HU","X","HU_R_X",79,"Red Oak",7,1,0,0,0,0,2,0
"560","NCTP","HU","X","HU_R_X",79,"Red Oak",8,2,0,0,0,0,1,1
"561","NCTP","HU","X","HU_R_X",79,"Red Oak",9,2,0,0,0,0,1,1
"562","NCTP","HU","X","HU_R_X",79,"Red Oak",10,1,0,0,2,0,0,0
"563","NCTP","HU","X","HU_R_X",79,"Red Oak",11,0,0,0,0,0,0,0
"564","NCTP","HU","X","HU_R_X",79,"Red Oak",12,0,0,0,0,0,0,0
"565","NCTP","HU","X","HU_R_X",80,"White Oak",1,0,0,0,0,0,0,0
"566","NCTP","HU","X","HU_R_X",80,"White Oak",2,0,0,0,0,0,0,0
"567","NCTP","HU","X","HU_R_X",80,"White Oak",3,2,0,0,1,0,0,1
"568","NCTP","HU","X","HU_R_X",80,"White Oak",4,4,1,0,2,1,0,1
"569","NCTP","HU","X","HU_R_X",80,"White Oak",5,2,0,0,0,1,1,0
"570","NCTP","HU","X","HU_R_X",80,"White Oak",6,3,0,0,1,1,0,2
"571","NCTP","HU","X","HU_R_X",80,"White Oak",7,1,0,0,0,0,1,0
"572","NCTP","HU","X","HU_R_X",80,"White Oak",8,3,2,0,0,2,1,0
"573","NCTP","HU","X","HU_R_X",80,"White Oak",9,2,0,0,3,0,0,1
"574","NCTP","HU","X","HU_R_X",80,"White Oak",10,3,0,0,5,3,0,1
"575","NCTP","HU","X","HU_R_X",80,"White Oak",11,1,0,0,1,0,0,0
"576","NCTP","HU","X","HU_R_X",80,"White Oak",12,1,0,0,3,0,0,0
"577","WAP","CL","M","CL_C_M",33,"Beech",1,1,0,0,0,0,1,0
"578","WAP","CL","M","CL_C_M",33,"Beech",2,1,0,0,0,0,1,0
"579","WAP","CL","M","CL_C_M",33,"Beech",3,1,0,0,0,0,1,0
"580","WAP","CL","M","CL_C_M",33,"Beech",4,1,0,0,0,0,1,0
"581","WAP","CL","M","CL_C_M",33,"Beech",5,2,0,0,0,0,4,1
"582","WAP","CL","M","CL_C_M",33,"Beech",6,0,0,0,0,0,0,0
"583","WAP","CL","M","CL_C_M",33,"Beech",7,1,0,0,0,0,1,0
"584","WAP","CL","M","CL_C_M",33,"Beech",8,1,0,0,0,0,1,0
"585","WAP","CL","M","CL_C_M",33,"Beech",9,1,0,0,0,0,1,0
"586","WAP","CL","M","CL_C_M",33,"Beech",10,1,0,0,0,0,2,0
"587","WAP","CL","M","CL_C_M",33,"Beech",11,0,0,0,0,0,0,0
"588","WAP","CL","M","CL_C_M",33,"Beech",12,0,0,0,0,0,0,0
"589","WAP","CL","M","CL_C_M",34,"Maple",1,1,0,0,0,0,1,0
"590","WAP","CL","M","CL_C_M",34,"Maple",2,0,0,0,0,0,0,0
"591","WAP","CL","M","CL_C_M",34,"Maple",3,1,0,0,0,0,1,0
"592","WAP","CL","M","CL_C_M",34,"Maple",4,0,0,0,0,0,0,0
"593","WAP","CL","M","CL_C_M",34,"Maple",5,0,0,0,0,0,0,0
"594","WAP","CL","M","CL_C_M",34,"Maple",6,1,0,0,0,0,2,0
"595","WAP","CL","M","CL_C_M",34,"Maple",7,0,0,0,0,0,0,0
"596","WAP","CL","M","CL_C_M",34,"Maple",8,0,0,0,0,0,0,0
"597","WAP","CL","M","CL_C_M",34,"Maple",9,0,0,0,0,0,0,0
"598","WAP","CL","M","CL_C_M",34,"Maple",10,0,0,0,0,0,0,0
"599","WAP","CL","M","CL_C_M",34,"Maple",11,0,0,0,0,0,0,0
"600","WAP","CL","M","CL_C_M",34,"Maple",12,1,0,0,0,0,1,0
"601","WAP","CL","M","CL_C_M",35,"Tulip",1,1,0,0,0,0,0,1
"602","WAP","CL","M","CL_C_M",35,"Tulip",2,0,0,0,0,0,0,0
"603","WAP","CL","M","CL_C_M",35,"Tulip",3,0,0,0,0,0,0,0
"604","WAP","CL","M","CL_C_M",35,"Tulip",4,0,0,0,0,0,0,0
"605","WAP","CL","M","CL_C_M",35,"Tulip",5,0,0,0,0,0,0,0
"606","WAP","CL","M","CL_C_M",35,"Tulip",6,0,0,0,0,0,0,0
"607","WAP","CL","M","CL_C_M",35,"Tulip",7,2,0,0,1,0,0,1
"608","WAP","CL","M","CL_C_M",35,"Tulip",8,0,0,0,0,0,0,0
"609","WAP","CL","M","CL_C_M",35,"Tulip",9,0,0,0,0,0,0,0
"610","WAP","CL","M","CL_C_M",35,"Tulip",10,0,0,0,0,0,0,0
"611","WAP","CL","M","CL_C_M",35,"Tulip",11,0,0,0,0,0,0,0
"612","WAP","CL","M","CL_C_M",35,"Tulip",12,2,0,0,1,0,1,0
"613","WAP","CL","M","CL_C_M",36,"White Oak",1,1,0,0,0,0,0,1
"614","WAP","CL","M","CL_C_M",36,"White Oak",2,0,0,0,0,0,0,0
"615","WAP","CL","M","CL_C_M",36,"White Oak",3,1,0,0,0,0,0,1
"616","WAP","CL","M","CL_C_M",36,"White Oak",4,0,0,0,0,0,0,0
"617","WAP","CL","M","CL_C_M",36,"White Oak",5,1,0,0,0,0,1,0
"618","WAP","CL","M","CL_C_M",36,"White Oak",6,1,0,0,0,0,1,0
"619","WAP","CL","M","CL_C_M",36,"White Oak",7,1,0,0,0,0,2,0
"620","WAP","CL","M","CL_C_M",36,"White Oak",8,1,0,0,0,0,1,0
"621","WAP","CL","M","CL_C_M",36,"White Oak",9,1,0,0,0,0,2,0
"622","WAP","CL","M","CL_C_M",36,"White Oak",10,1,0,0,0,0,1,0
"623","WAP","CL","M","CL_C_M",36,"White Oak",11,2,0,0,0,0,1,1
"624","WAP","CL","M","CL_C_M",36,"White Oak",12,1,0,0,0,0,1,0
"625","WAP","CL","X","CL_C_X",37,"Hickory",1,0,0,0,0,0,0,0
"626","WAP","CL","X","CL_C_X",37,"Hickory",2,0,0,0,0,0,0,0
"627","WAP","CL","X","CL_C_X",37,"Hickory",3,2,1,0,0,1,0,0
"628","WAP","CL","X","CL_C_X",37,"Hickory",4,1,0,0,0,1,0,0
"629","WAP","CL","X","CL_C_X",37,"Hickory",5,1,0,0,0,1,0,0
"630","WAP","CL","X","CL_C_X",37,"Hickory",6,0,0,0,0,0,0,0
"631","WAP","CL","X","CL_C_X",37,"Hickory",7,0,0,0,0,0,0,0
"632","WAP","CL","X","CL_C_X",37,"Hickory",8,0,0,0,0,0,0,0
"633","WAP","CL","X","CL_C_X",37,"Hickory",9,0,0,0,0,0,0,0
"634","WAP","CL","X","CL_C_X",37,"Hickory",10,0,0,0,0,0,0,0
"635","WAP","CL","X","CL_C_X",37,"Hickory",11,1,0,0,0,0,1,0
"636","WAP","CL","X","CL_C_X",37,"Hickory",12,0,0,0,0,0,0,0
"637","WAP","CL","X","CL_C_X",38,"Maple",1,0,0,0,0,0,0,0
"638","WAP","CL","X","CL_C_X",38,"Maple",2,1,0,0,0,0,1,0
"639","WAP","CL","X","CL_C_X",38,"Maple",3,1,0,0,0,0,2,0
"640","WAP","CL","X","CL_C_X",38,"Maple",4,0,0,0,0,0,0,0
"641","WAP","CL","X","CL_C_X",38,"Maple",5,0,0,0,0,0,0,0
"642","WAP","CL","X","CL_C_X",38,"Maple",6,1,0,0,0,0,1,0
"643","WAP","CL","X","CL_C_X",38,"Maple",7,0,0,0,0,0,0,0
"644","WAP","CL","X","CL_C_X",38,"Maple",8,0,0,0,0,0,0,0
"645","WAP","CL","X","CL_C_X",38,"Maple",9,1,0,0,0,0,2,0
"646","WAP","CL","X","CL_C_X",38,"Maple",10,0,0,0,0,0,0,0
"647","WAP","CL","X","CL_C_X",38,"Maple",11,1,0,0,0,0,1,0
"648","WAP","CL","X","CL_C_X",38,"Maple",12,0,0,0,0,0,0,0
"649","WAP","CL","X","CL_C_X",39,"Red Oak",1,2,0,5,0,0,1,0
"650","WAP","CL","X","CL_C_X",39,"Red Oak",2,1,0,7,0,0,0,0
"651","WAP","CL","X","CL_C_X",39,"Red Oak",3,3,0,7,0,0,2,1
"652","WAP","CL","X","CL_C_X",39,"Red Oak",4,2,0,5,0,0,2,0
"653","WAP","CL","X","CL_C_X",39,"Red Oak",5,3,0,11,0,0,3,1
"654","WAP","CL","X","CL_C_X",39,"Red Oak",6,2,0,7,0,0,1,0
"655","WAP","CL","X","CL_C_X",39,"Red Oak",7,2,0,12,0,0,1,0
"656","WAP","CL","X","CL_C_X",39,"Red Oak",8,2,0,6,0,0,2,0
"657","WAP","CL","X","CL_C_X",39,"Red Oak",9,2,0,8,0,0,3,0
"658","WAP","CL","X","CL_C_X",39,"Red Oak",10,1,0,4,0,0,0,0
"659","WAP","CL","X","CL_C_X",39,"Red Oak",11,2,0,5,0,0,7,0
"660","WAP","CL","X","CL_C_X",39,"Red Oak",12,2,0,10,0,0,2,0
"661","WAP","CL","X","CL_C_X",40,"White Oak",1,1,0,0,1,0,0,0
"662","WAP","CL","X","CL_C_X",40,"White Oak",2,0,0,0,0,0,0,0
"663","WAP","CL","X","CL_C_X",40,"White Oak",3,0,0,0,0,0,0,0
"664","WAP","CL","X","CL_C_X",40,"White Oak",4,1,0,0,0,0,1,0
"665","WAP","CL","X","CL_C_X",40,"White Oak",5,0,0,0,0,0,0,0
"666","WAP","CL","X","CL_C_X",40,"White Oak",6,0,0,0,0,0,0,0
"667","WAP","CL","X","CL_C_X",40,"White Oak",7,1,0,0,0,0,1,0
"668","WAP","CL","X","CL_C_X",40,"White Oak",8,0,0,0,0,0,0,0
"669","WAP","CL","X","CL_C_X",40,"White Oak",9,2,0,0,1,0,1,0
"670","WAP","CL","X","CL_C_X",40,"White Oak",10,0,0,0,0,0,0,0
"671","WAP","CL","X","CL_C_X",40,"White Oak",11,1,0,0,2,0,0,0
"672","WAP","CL","X","CL_C_X",40,"White Oak",12,0,0,0,0,0,0,0
"673","WAP","CL","M","CL_M_M",41,"Maple",1,3,0,1,1,0,2,0
"674","WAP","CL","M","CL_M_M",41,"Maple",2,4,0,1,1,0,1,2
"675","WAP","CL","M","CL_M_M",41,"Maple",3,1,0,0,0,0,2,0
"676","WAP","CL","M","CL_M_M",41,"Maple",4,1,0,0,0,0,0,1
"677","WAP","CL","M","CL_M_M",41,"Maple",5,2,0,2,0,0,1,0
"678","WAP","CL","M","CL_M_M",41,"Maple",6,3,0,2,0,1,2,0
"679","WAP","CL","M","CL_M_M",41,"Maple",7,2,0,2,0,0,1,0
"680","WAP","CL","M","CL_M_M",41,"Maple",8,2,0,2,0,0,2,0
"681","WAP","CL","M","CL_M_M",41,"Maple",9,3,1,0,1,0,0,2
"682","WAP","CL","M","CL_M_M",41,"Maple",10,1,0,0,2,0,0,0
"683","WAP","CL","M","CL_M_M",41,"Maple",11,3,0,1,0,0,1,1
"684","WAP","CL","M","CL_M_M",41,"Maple",12,0,0,0,0,0,0,0
"685","WAP","CL","M","CL_M_M",42,"Tulip",1,1,0,0,0,0,0,1
"686","WAP","CL","M","CL_M_M",42,"Tulip",2,0,0,0,0,0,0,0
"687","WAP","CL","M","CL_M_M",42,"Tulip",3,1,0,0,0,0,0,4
"688","WAP","CL","M","CL_M_M",42,"Tulip",4,1,0,0,0,0,0,2
"689","WAP","CL","M","CL_M_M",42,"Tulip",5,2,0,0,0,0,1,1
"690","WAP","CL","M","CL_M_M",42,"Tulip",6,1,0,0,0,0,0,1
"691","WAP","CL","M","CL_M_M",42,"Tulip",7,2,0,0,1,0,0,2
"692","WAP","CL","M","CL_M_M",42,"Tulip",8,1,0,0,0,0,0,3
"693","WAP","CL","M","CL_M_M",42,"Tulip",9,1,0,0,0,0,0,2
"694","WAP","CL","M","CL_M_M",42,"Tulip",10,0,0,0,0,0,0,0
"695","WAP","CL","M","CL_M_M",42,"Tulip",11,1,0,0,0,0,1,0
"696","WAP","CL","M","CL_M_M",42,"Tulip",12,1,0,0,0,0,1,0
"697","WAP","CL","M","CL_M_M",43,"White Oak",1,0,0,0,0,0,0,0
"698","WAP","CL","M","CL_M_M",43,"White Oak",2,0,0,0,0,0,0,0
"699","WAP","CL","M","CL_M_M",43,"White Oak",3,0,0,0,0,0,0,0
"700","WAP","CL","M","CL_M_M",43,"White Oak",4,0,0,0,0,0,0,0
"701","WAP","CL","M","CL_M_M",43,"White Oak",5,0,0,0,0,0,0,0
"702","WAP","CL","M","CL_M_M",43,"White Oak",6,0,0,0,0,0,0,0
"703","WAP","CL","M","CL_M_M",43,"White Oak",7,0,0,0,0,0,0,0
"704","WAP","CL","M","CL_M_M",43,"White Oak",8,0,0,0,0,0,0,0
"705","WAP","CL","M","CL_M_M",43,"White Oak",9,0,0,0,0,0,0,0
"706","WAP","CL","M","CL_M_M",43,"White Oak",10,0,0,0,0,0,0,0
"707","WAP","CL","M","CL_M_M",43,"White Oak",11,0,0,0,0,0,0,0
"708","WAP","CL","M","CL_M_M",43,"White Oak",12,0,0,0,0,0,0,0
"709","WAP","CL","M","CL_M_M",44,"White Oak",1,0,0,0,0,0,0,0
"710","WAP","CL","M","CL_M_M",44,"White Oak",2,0,0,0,0,0,0,0
"711","WAP","CL","M","CL_M_M",44,"White Oak",3,1,0,0,0,0,0,1
"712","WAP","CL","M","CL_M_M",44,"White Oak",4,1,0,0,0,0,0,1
"713","WAP","CL","M","CL_M_M",44,"White Oak",5,0,0,0,0,0,0,0
"714","WAP","CL","M","CL_M_M",44,"White Oak",6,0,0,0,0,0,0,0
"715","WAP","CL","M","CL_M_M",44,"White Oak",7,0,0,0,0,0,0,0
"716","WAP","CL","M","CL_M_M",44,"White Oak",8,0,0,0,0,0,0,0
"717","WAP","CL","M","CL_M_M",44,"White Oak",9,1,0,0,0,0,0,1
"718","WAP","CL","M","CL_M_M",44,"White Oak",10,0,0,0,0,0,0,0
"719","WAP","CL","M","CL_M_M",44,"White Oak",11,1,0,0,0,0,0,2
"720","WAP","CL","M","CL_M_M",44,"White Oak",12,0,0,0,0,0,0,0
"721","WAP","CL","X","CL_M_X",45,"Hickory",1,2,0,0,0,0,1,1
"722","WAP","CL","X","CL_M_X",45,"Hickory",2,1,0,0,0,0,0,1
"723","WAP","CL","X","CL_M_X",45,"Hickory",3,2,0,0,0,0,1,1
"724","WAP","CL","X","CL_M_X",45,"Hickory",4,2,0,0,0,1,1,0
"725","WAP","CL","X","CL_M_X",45,"Hickory",5,0,0,0,0,0,0,0
"726","WAP","CL","X","CL_M_X",45,"Hickory",6,2,0,0,0,0,2,1
"727","WAP","CL","X","CL_M_X",45,"Hickory",7,1,0,0,0,0,1,0
"728","WAP","CL","X","CL_M_X",45,"Hickory",8,1,0,0,0,0,1,0
"729","WAP","CL","X","CL_M_X",45,"Hickory",9,1,0,0,0,1,0,0
"730","WAP","CL","X","CL_M_X",45,"Hickory",10,2,0,0,0,2,0,1
"731","WAP","CL","X","CL_M_X",45,"Hickory",11,2,0,0,0,1,0,2
"732","WAP","CL","X","CL_M_X",45,"Hickory",12,2,0,0,0,2,0,2
"733","WAP","CL","X","CL_M_X",46,"Maple",1,1,0,0,0,0,0,1
"734","WAP","CL","X","CL_M_X",46,"Maple",2,1,0,0,0,0,0,1
"735","WAP","CL","X","CL_M_X",46,"Maple",3,2,0,0,0,0,1,1
"736","WAP","CL","X","CL_M_X",46,"Maple",4,1,0,0,0,0,1,0
"737","WAP","CL","X","CL_M_X",46,"Maple",5,0,0,0,0,0,0,0
"738","WAP","CL","X","CL_M_X",46,"Maple",6,1,0,0,0,0,0,2
"739","WAP","CL","X","CL_M_X",46,"Maple",7,2,0,0,0,0,1,1
"740","WAP","CL","X","CL_M_X",46,"Maple",8,0,0,0,0,0,0,0
"741","WAP","CL","X","CL_M_X",46,"Maple",9,1,0,0,0,0,0,3
"742","WAP","CL","X","CL_M_X",46,"Maple",10,1,0,0,0,0,0,1
"743","WAP","CL","X","CL_M_X",46,"Maple",11,1,0,0,0,0,0,2
"744","WAP","CL","X","CL_M_X",46,"Maple",12,2,0,0,0,0,1,2
"745","WAP","CL","X","CL_M_X",47,"Red Oak",1,2,0,0,0,6,1,0
"746","WAP","CL","X","CL_M_X",47,"Red Oak",2,2,0,0,0,7,2,0
"747","WAP","CL","X","CL_M_X",47,"Red Oak",3,2,0,0,0,3,2,0
"748","WAP","CL","X","CL_M_X",47,"Red Oak",4,3,0,0,0,4,1,1
"749","WAP","CL","X","CL_M_X",47,"Red Oak",5,2,0,0,0,4,2,0
"750","WAP","CL","X","CL_M_X",47,"Red Oak",6,2,0,0,0,4,1,0
"751","WAP","CL","X","CL_M_X",47,"Red Oak",7,1,0,0,0,2,0,0
"752","WAP","CL","X","CL_M_X",47,"Red Oak",8,2,0,0,0,4,4,0
"753","WAP","CL","X","CL_M_X",47,"Red Oak",9,1,0,0,0,6,0,0
"754","WAP","CL","X","CL_M_X",47,"Red Oak",10,2,0,0,0,4,2,0
"755","WAP","CL","X","CL_M_X",47,"Red Oak",11,2,0,0,0,6,1,0
"756","WAP","CL","X","CL_M_X",47,"Red Oak",12,2,0,0,0,6,1,0
"757","WAP","CL","X","CL_M_X",48,"White Oak",1,2,0,2,0,0,2,0
"758","WAP","CL","X","CL_M_X",48,"White Oak",2,1,0,0,0,1,0,0
"759","WAP","CL","X","CL_M_X",48,"White Oak",3,1,0,0,0,0,1,0
"760","WAP","CL","X","CL_M_X",48,"White Oak",4,1,0,0,0,0,0,1
"761","WAP","CL","X","CL_M_X",48,"White Oak",5,1,0,0,0,0,1,0
"762","WAP","CL","X","CL_M_X",48,"White Oak",6,1,0,0,0,0,1,0
"763","WAP","CL","X","CL_M_X",48,"White Oak",7,1,0,0,0,0,1,0
"764","WAP","CL","X","CL_M_X",48,"White Oak",8,2,0,0,0,0,1,1
"765","WAP","CL","X","CL_M_X",48,"White Oak",9,2,1,0,0,0,1,0
"766","WAP","CL","X","CL_M_X",48,"White Oak",10,4,1,0,0,1,3,2
"767","WAP","CL","X","CL_M_X",48,"White Oak",11,0,0,0,0,0,0,0
"768","WAP","CL","X","CL_M_X",48,"White Oak",12,2,0,1,0,0,0,1
"769","WAP","ED","M","ED_C_M",49,"Beech",1,1,0,0,0,0,1,0
"770","WAP","ED","M","ED_C_M",49,"Beech",2,1,0,0,0,0,2,0
"771","WAP","ED","M","ED_C_M",49,"Beech",3,2,0,0,1,0,1,0
"772","WAP","ED","M","ED_C_M",49,"Beech",4,2,0,1,0,0,4,0
"773","WAP","ED","M","ED_C_M",49,"Beech",5,1,0,0,0,0,3,0
"774","WAP","ED","M","ED_C_M",49,"Beech",6,2,0,0,0,1,1,0
"775","WAP","ED","M","ED_C_M",49,"Beech",7,0,0,0,0,0,0,0
"776","WAP","ED","M","ED_C_M",49,"Beech",8,1,0,0,0,0,3,0
"777","WAP","ED","M","ED_C_M",49,"Beech",9,2,0,1,0,0,3,0
"778","WAP","ED","M","ED_C_M",49,"Beech",10,1,0,0,0,0,3,0
"779","WAP","ED","M","ED_C_M",49,"Beech",11,1,0,0,0,0,0,1
"780","WAP","ED","M","ED_C_M",49,"Beech",12,0,0,0,0,0,0,0
"781","WAP","ED","M","ED_C_M",50,"Maple",1,1,0,0,0,0,2,0
"782","WAP","ED","M","ED_C_M",50,"Maple",2,2,0,0,3,0,2,0
"783","WAP","ED","M","ED_C_M",50,"Maple",3,1,0,0,0,0,1,0
"784","WAP","ED","M","ED_C_M",50,"Maple",4,1,0,0,0,0,1,0
"785","WAP","ED","M","ED_C_M",50,"Maple",5,1,0,0,0,0,2,0
"786","WAP","ED","M","ED_C_M",50,"Maple",6,1,0,0,0,0,3,0
"787","WAP","ED","M","ED_C_M",50,"Maple",7,2,0,0,2,0,2,0
"788","WAP","ED","M","ED_C_M",50,"Maple",8,1,0,0,1,0,0,0
"789","WAP","ED","M","ED_C_M",50,"Maple",9,0,0,0,0,0,0,0
"790","WAP","ED","M","ED_C_M",50,"Maple",10,0,0,0,0,0,0,0
"791","WAP","ED","M","ED_C_M",50,"Maple",11,0,0,0,0,0,0,0
"792","WAP","ED","M","ED_C_M",50,"Maple",12,1,0,0,1,0,0,0
"793","WAP","ED","M","ED_C_M",51,"Maple",1,3,0,0,0,10,1,1
"794","WAP","ED","M","ED_C_M",51,"Maple",2,1,0,0,0,0,2,0
"795","WAP","ED","M","ED_C_M",51,"Maple",3,1,0,0,0,0,1,0
"796","WAP","ED","M","ED_C_M",51,"Maple",4,1,0,0,0,0,3,0
"797","WAP","ED","M","ED_C_M",51,"Maple",5,1,0,0,0,0,1,0
"798","WAP","ED","M","ED_C_M",51,"Maple",6,1,0,0,0,0,1,0
"799","WAP","ED","M","ED_C_M",51,"Maple",7,2,0,0,0,1,2,0
"800","WAP","ED","M","ED_C_M",51,"Maple",8,2,0,0,1,0,1,0
"801","WAP","ED","M","ED_C_M",51,"Maple",9,2,0,0,1,0,0,1
"802","WAP","ED","M","ED_C_M",51,"Maple",10,0,0,0,0,0,0,0
"803","WAP","ED","M","ED_C_M",51,"Maple",11,0,0,0,0,0,0,0
"804","WAP","ED","M","ED_C_M",51,"Maple",12,0,0,0,0,0,0,0
"805","WAP","ED","M","ED_C_M",52,"Red Oak",1,1,0,0,0,0,2,0
"806","WAP","ED","M","ED_C_M",52,"Red Oak",2,2,0,6,0,0,1,0
"807","WAP","ED","M","ED_C_M",52,"Red Oak",3,2,0,4,0,0,4,0
"808","WAP","ED","M","ED_C_M",52,"Red Oak",4,2,0,1,0,0,1,0
"809","WAP","ED","M","ED_C_M",52,"Red Oak",5,1,0,0,0,0,3,0
"810","WAP","ED","M","ED_C_M",52,"Red Oak",6,1,0,6,0,0,0,0
"811","WAP","ED","M","ED_C_M",52,"Red Oak",7,2,0,3,0,0,1,0
"812","WAP","ED","M","ED_C_M",52,"Red Oak",8,2,0,1,0,0,1,0
"813","WAP","ED","M","ED_C_M",52,"Red Oak",9,1,0,2,0,0,0,0
"814","WAP","ED","M","ED_C_M",52,"Red Oak",10,2,0,1,0,0,1,0
"815","WAP","ED","M","ED_C_M",52,"Red Oak",11,1,0,1,0,0,0,0
"816","WAP","ED","M","ED_C_M",52,"Red Oak",12,2,0,12,0,0,0,1
"817","WAP","ED","X","ED_C_X",53,"Maple",1,1,1,0,0,0,0,0
"818","WAP","ED","X","ED_C_X",53,"Maple",2,1,1,0,0,0,0,0
"819","WAP","ED","X","ED_C_X",53,"Maple",3,0,0,0,0,0,0,0
"820","WAP","ED","X","ED_C_X",53,"Maple",4,1,8,0,0,0,0,0
"821","WAP","ED","X","ED_C_X",53,"Maple",5,1,1,0,0,0,0,0
"822","WAP","ED","X","ED_C_X",53,"Maple",6,0,0,0,0,0,0,0
"823","WAP","ED","X","ED_C_X",53,"Maple",7,2,12,0,0,0,1,0
"824","WAP","ED","X","ED_C_X",53,"Maple",8,2,1,0,0,0,1,0
"825","WAP","ED","X","ED_C_X",53,"Maple",9,0,0,0,0,0,0,0
"826","WAP","ED","X","ED_C_X",53,"Maple",10,2,1,2,0,0,0,0
"827","WAP","ED","X","ED_C_X",53,"Maple",11,1,0,0,0,0,1,0
"828","WAP","ED","X","ED_C_X",53,"Maple",12,1,0,0,0,0,2,0
"829","WAP","ED","X","ED_C_X",54,"Red Oak",1,2,3,0,0,0,1,0
"830","WAP","ED","X","ED_C_X",54,"Red Oak",2,3,3,2,0,0,1,0
"831","WAP","ED","X","ED_C_X",54,"Red Oak",3,3,2,3,0,0,1,0
"832","WAP","ED","X","ED_C_X",54,"Red Oak",4,1,4,0,0,0,0,0
"833","WAP","ED","X","ED_C_X",54,"Red Oak",5,3,2,1,0,0,3,0
"834","WAP","ED","X","ED_C_X",54,"Red Oak",6,3,3,0,0,1,3,0
"835","WAP","ED","X","ED_C_X",54,"Red Oak",7,2,1,0,0,0,2,0
"836","WAP","ED","X","ED_C_X",54,"Red Oak",8,2,2,0,0,0,4,0
"837","WAP","ED","X","ED_C_X",54,"Red Oak",9,2,3,0,0,0,2,0
"838","WAP","ED","X","ED_C_X",54,"Red Oak",10,0,0,0,0,0,0,0
"839","WAP","ED","X","ED_C_X",54,"Red Oak",11,1,3,0,0,0,0,0
"840","WAP","ED","X","ED_C_X",54,"Red Oak",12,0,0,0,0,0,0,0
"841","WAP","ED","X","ED_C_X",55,"White Oak",1,0,0,0,0,0,0,0
"842","WAP","ED","X","ED_C_X",55,"White Oak",2,1,0,0,0,0,2,0
"843","WAP","ED","X","ED_C_X",55,"White Oak",3,1,0,0,0,0,0,1
"844","WAP","ED","X","ED_C_X",55,"White Oak",4,2,0,1,0,1,0,0
"845","WAP","ED","X","ED_C_X",55,"White Oak",5,1,0,0,0,0,3,0
"846","WAP","ED","X","ED_C_X",55,"White Oak",6,1,0,0,0,0,0,2
"847","WAP","ED","X","ED_C_X",55,"White Oak",7,1,0,0,0,0,0,1
"848","WAP","ED","X","ED_C_X",55,"White Oak",8,1,11,0,0,0,0,0
"849","WAP","ED","X","ED_C_X",55,"White Oak",9,3,2,0,0,0,1,2
"850","WAP","ED","X","ED_C_X",55,"White Oak",10,3,0,1,0,0,1,2
"851","WAP","ED","X","ED_C_X",55,"White Oak",11,3,2,0,0,1,1,0
"852","WAP","ED","X","ED_C_X",55,"White Oak",12,4,1,1,0,0,1,2
"853","WAP","ED","X","ED_C_X",56,"White Oak",1,3,0,1,0,0,7,1
"854","WAP","ED","X","ED_C_X",56,"White Oak",2,3,0,1,0,0,6,3
"855","WAP","ED","X","ED_C_X",56,"White Oak",3,1,0,0,0,0,6,0
"856","WAP","ED","X","ED_C_X",56,"White Oak",4,3,0,5,0,0,8,10
"857","WAP","ED","X","ED_C_X",56,"White Oak",5,2,0,0,0,0,6,3
"858","WAP","ED","X","ED_C_X",56,"White Oak",6,3,0,4,0,0,4,8
"859","WAP","ED","X","ED_C_X",56,"White Oak",7,3,0,3,0,0,3,3
"860","WAP","ED","X","ED_C_X",56,"White Oak",8,2,0,2,0,0,0,1
"861","WAP","ED","X","ED_C_X",56,"White Oak",9,2,0,0,0,0,7,1
"862","WAP","ED","X","ED_C_X",56,"White Oak",10,1,0,0,0,0,4,0
"863","WAP","ED","X","ED_C_X",56,"White Oak",11,0,0,0,0,0,0,0
"864","WAP","ED","X","ED_C_X",56,"White Oak",12,3,0,4,0,0,5,1
"865","WAP","ED","M","ED_L_M",57,"Beech",1,4,1,2,0,3,0,1
"866","WAP","ED","M","ED_L_M",57,"Beech",2,3,0,1,0,1,2,0
"867","WAP","ED","M","ED_L_M",57,"Beech",3,2,1,0,0,0,3,0
"868","WAP","ED","M","ED_L_M",57,"Beech",4,2,0,0,0,0,1,1
"869","WAP","ED","M","ED_L_M",57,"Beech",5,0,0,0,0,0,0,0
"870","WAP","ED","M","ED_L_M",57,"Beech",6,2,0,0,0,7,2,0
"871","WAP","ED","M","ED_L_M",57,"Beech",7,2,0,0,0,1,2,0
"872","WAP","ED","M","ED_L_M",57,"Beech",8,3,1,0,0,2,2,0
"873","WAP","ED","M","ED_L_M",57,"Beech",9,3,0,3,0,0,2,2
"874","WAP","ED","M","ED_L_M",57,"Beech",10,3,1,0,0,1,0,1
"875","WAP","ED","M","ED_L_M",57,"Beech",11,1,0,1,0,0,0,0
"876","WAP","ED","M","ED_L_M",57,"Beech",12,3,0,1,0,3,3,0
"877","WAP","ED","M","ED_L_M",58,"Maple",1,2,0,5,0,2,0,0
"878","WAP","ED","M","ED_L_M",58,"Maple",2,1,0,6,0,0,0,0
"879","WAP","ED","M","ED_L_M",58,"Maple",3,3,0,7,0,2,1,0
"880","WAP","ED","M","ED_L_M",58,"Maple",4,1,0,9,0,0,0,0
"881","WAP","ED","M","ED_L_M",58,"Maple",5,2,0,3,0,1,0,0
"882","WAP","ED","M","ED_L_M",58,"Maple",6,3,0,4,0,3,1,0
"883","WAP","ED","M","ED_L_M",58,"Maple",7,2,0,10,0,1,0,0
"884","WAP","ED","M","ED_L_M",58,"Maple",8,3,1,12,0,2,0,0
"885","WAP","ED","M","ED_L_M",58,"Maple",9,3,0,10,0,2,1,0
"886","WAP","ED","M","ED_L_M",58,"Maple",10,2,0,3,0,2,0,0
"887","WAP","ED","M","ED_L_M",58,"Maple",11,1,0,4,0,0,0,0
"888","WAP","ED","M","ED_L_M",58,"Maple",12,2,0,6,0,1,0,0
"889","WAP","ED","M","ED_L_M",59,"Maple",1,3,0,1,0,6,2,0
"890","WAP","ED","M","ED_L_M",59,"Maple",2,2,0,2,0,1,0,0
"891","WAP","ED","M","ED_L_M",59,"Maple",3,3,0,3,0,1,1,0
"892","WAP","ED","M","ED_L_M",59,"Maple",4,2,0,2,0,0,2,0
"893","WAP","ED","M","ED_L_M",59,"Maple",5,2,0,3,0,1,0,0
"894","WAP","ED","M","ED_L_M",59,"Maple",6,2,0,1,0,4,0,0
"895","WAP","ED","M","ED_L_M",59,"Maple",7,3,1,3,0,2,0,0
"896","WAP","ED","M","ED_L_M",59,"Maple",8,3,0,4,0,6,1,0
"897","WAP","ED","M","ED_L_M",59,"Maple",9,4,1,1,0,2,1,0
"898","WAP","ED","M","ED_L_M",59,"Maple",10,3,1,4,0,0,1,0
"899","WAP","ED","M","ED_L_M",59,"Maple",11,3,0,2,0,1,2,0
"900","WAP","ED","M","ED_L_M",59,"Maple",12,3,0,3,0,3,0,1
"901","WAP","ED","M","ED_L_M",60,"Tulip",1,2,0,1,0,2,0,0
"902","WAP","ED","M","ED_L_M",60,"Tulip",2,1,0,0,0,1,0,0
"903","WAP","ED","M","ED_L_M",60,"Tulip",3,1,0,1,0,0,0,0
"904","WAP","ED","M","ED_L_M",60,"Tulip",4,2,0,3,0,1,0,0
"905","WAP","ED","M","ED_L_M",60,"Tulip",5,2,0,3,0,0,1,0
"906","WAP","ED","M","ED_L_M",60,"Tulip",6,0,0,0,0,0,0,0
"907","WAP","ED","M","ED_L_M",60,"Tulip",7,1,0,2,0,0,0,0
"908","WAP","ED","M","ED_L_M",60,"Tulip",8,0,0,0,0,0,0,0
"909","WAP","ED","M","ED_L_M",60,"Tulip",9,2,0,3,0,0,1,0
"910","WAP","ED","M","ED_L_M",60,"Tulip",10,2,0,1,0,0,1,0
"911","WAP","ED","M","ED_L_M",60,"Tulip",11,2,0,1,0,1,0,0
"912","WAP","ED","M","ED_L_M",60,"Tulip",12,1,0,0,0,1,0,0
"913","WAP","ED","X","ED_L_X",61,"Hickory",1,3,1,2,0,0,1,0
"914","WAP","ED","X","ED_L_X",61,"Hickory",2,1,0,4,0,0,0,0
"915","WAP","ED","X","ED_L_X",61,"Hickory",3,0,0,0,0,0,0,0
"916","WAP","ED","X","ED_L_X",61,"Hickory",4,1,0,0,0,0,1,0
"917","WAP","ED","X","ED_L_X",61,"Hickory",5,3,1,1,0,1,0,0
"918","WAP","ED","X","ED_L_X",61,"Hickory",6,2,0,3,0,0,1,0
"919","WAP","ED","X","ED_L_X",61,"Hickory",7,1,0,0,0,0,2,0
"920","WAP","ED","X","ED_L_X",61,"Hickory",8,2,0,3,0,0,1,0
"921","WAP","ED","X","ED_L_X",61,"Hickory",9,1,0,0,0,0,1,0
"922","WAP","ED","X","ED_L_X",61,"Hickory",10,0,0,0,0,0,0,0
"923","WAP","ED","X","ED_L_X",61,"Hickory",11,1,0,0,0,0,1,0
"924","WAP","ED","X","ED_L_X",61,"Hickory",12,3,1,2,0,0,1,0
"925","WAP","ED","X","ED_L_X",62,"Maple",1,1,0,0,0,0,1,0
"926","WAP","ED","X","ED_L_X",62,"Maple",2,0,0,0,0,0,0,0
"927","WAP","ED","X","ED_L_X",62,"Maple",3,0,0,0,0,0,0,0
"928","WAP","ED","X","ED_L_X",62,"Maple",4,0,0,0,0,0,0,0
"929","WAP","ED","X","ED_L_X",62,"Maple",5,1,0,0,0,0,0,1
"930","WAP","ED","X","ED_L_X",62,"Maple",6,2,0,0,0,0,1,1
"931","WAP","ED","X","ED_L_X",62,"Maple",7,0,0,0,0,0,0,0
"932","WAP","ED","X","ED_L_X",62,"Maple",8,0,0,0,0,0,0,0
"933","WAP","ED","X","ED_L_X",62,"Maple",9,1,0,0,0,0,3,0
"934","WAP","ED","X","ED_L_X",62,"Maple",10,0,0,0,0,0,0,0
"935","WAP","ED","X","ED_L_X",62,"Maple",11,0,0,0,0,0,0,0
"936","WAP","ED","X","ED_L_X",62,"Maple",12,0,0,0,0,0,0,0
"937","WAP","ED","X","ED_L_X",63,"Red Oak",1,2,0,0,0,0,4,3
"938","WAP","ED","X","ED_L_X",63,"Red Oak",2,2,0,0,0,1,1,0
"939","WAP","ED","X","ED_L_X",63,"Red Oak",3,1,0,0,0,0,1,0
"940","WAP","ED","X","ED_L_X",63,"Red Oak",4,2,0,1,0,0,4,0
"941","WAP","ED","X","ED_L_X",63,"Red Oak",5,1,0,0,0,0,2,0
"942","WAP","ED","X","ED_L_X",63,"Red Oak",6,2,0,0,0,0,5,1
"943","WAP","ED","X","ED_L_X",63,"Red Oak",7,0,0,0,0,0,0,0
"944","WAP","ED","X","ED_L_X",63,"Red Oak",8,1,0,0,0,0,3,0
"945","WAP","ED","X","ED_L_X",63,"Red Oak",9,1,0,0,0,0,2,0
"946","WAP","ED","X","ED_L_X",63,"Red Oak",10,2,0,0,0,0,6,1
"947","WAP","ED","X","ED_L_X",63,"Red Oak",11,0,0,0,0,0,0,0
"948","WAP","ED","X","ED_L_X",63,"Red Oak",12,1,0,0,0,0,5,0
"949","WAP","ED","X","ED_L_X",64,"White Oak",1,1,0,0,0,0,1,0
"950","WAP","ED","X","ED_L_X",64,"White Oak",2,2,0,0,0,1,1,0
"951","WAP","ED","X","ED_L_X",64,"White Oak",3,2,0,0,0,0,1,4
"952","WAP","ED","X","ED_L_X",64,"White Oak",4,2,0,0,0,0,2,1
"953","WAP","ED","X","ED_L_X",64,"White Oak",5,2,1,0,0,0,2,0
"954","WAP","ED","X","ED_L_X",64,"White Oak",6,1,0,0,0,0,7,0
"955","WAP","ED","X","ED_L_X",64,"White Oak",7,1,0,0,0,0,3,0
"956","WAP","ED","X","ED_L_X",64,"White Oak",8,1,0,0,0,0,2,0
"957","WAP","ED","X","ED_L_X",64,"White Oak",9,1,0,0,0,0,5,0
"958","WAP","ED","X","ED_L_X",64,"White Oak",10,2,0,0,0,0,2,1
"959","WAP","ED","X","ED_L_X",64,"White Oak",11,3,0,0,1,0,2,1
"960","WAP","ED","X","ED_L_X",64,"White Oak",12,1,0,0,0,0,2,0
"961","WAP","SH","M","SH_F_M",81,"Beech",1,0,0,0,0,0,0,0
"962","WAP","SH","M","SH_F_M",81,"Beech",2,1,0,1,0,0,0,0
"963","WAP","SH","M","SH_F_M",81,"Beech",3,0,0,0,0,0,0,0
"964","WAP","SH","M","SH_F_M",81,"Beech",4,1,0,0,0,0,1,0
"965","WAP","SH","M","SH_F_M",81,"Beech",5,0,0,0,0,0,0,0
"966","WAP","SH","M","SH_F_M",81,"Beech",6,2,0,1,0,0,1,0
"967","WAP","SH","M","SH_F_M",81,"Beech",7,2,0,1,1,0,0,0
"968","WAP","SH","M","SH_F_M",81,"Beech",8,1,0,0,0,0,1,0
"969","WAP","SH","M","SH_F_M",81,"Beech",9,2,0,5,0,0,2,0
"970","WAP","SH","M","SH_F_M",81,"Beech",10,1,0,2,0,0,0,0
"971","WAP","SH","M","SH_F_M",81,"Beech",11,2,0,2,0,0,1,0
"972","WAP","SH","M","SH_F_M",81,"Beech",12,1,0,0,0,0,1,0
"973","WAP","SH","M","SH_F_M",82,"Tulip",1,2,0,0,2,0,1,0
"974","WAP","SH","M","SH_F_M",82,"Tulip",2,3,0,1,2,0,2,0
"975","WAP","SH","M","SH_F_M",82,"Tulip",3,2,0,0,13,0,2,0
"976","WAP","SH","M","SH_F_M",82,"Tulip",4,2,0,0,11,0,1,0
"977","WAP","SH","M","SH_F_M",82,"Tulip",5,3,0,0,5,0,6,1
"978","WAP","SH","M","SH_F_M",82,"Tulip",6,1,0,33,0,0,0,0
"979","WAP","SH","M","SH_F_M",82,"Tulip",7,3,0,25,1,0,2,0
"980","WAP","SH","M","SH_F_M",82,"Tulip",8,4,0,2,9,0,3,1
"981","WAP","SH","M","SH_F_M",82,"Tulip",9,2,0,12,8,0,0,0
"982","WAP","SH","M","SH_F_M",82,"Tulip",10,3,0,2,3,0,3,0
"983","WAP","SH","M","SH_F_M",82,"Tulip",11,3,0,3,3,0,3,0
"984","WAP","SH","M","SH_F_M",82,"Tulip",12,3,0,15,1,0,3,0
"985","WAP","SH","M","SH_F_M",83,"Tulip",1,0,0,0,0,0,0,0
"986","WAP","SH","M","SH_F_M",83,"Tulip",2,3,0,9,4,0,4,0
"987","WAP","SH","M","SH_F_M",83,"Tulip",3,1,0,0,0,0,1,0
"988","WAP","SH","M","SH_F_M",83,"Tulip",4,3,0,11,6,0,3,0
"989","WAP","SH","M","SH_F_M",83,"Tulip",5,2,0,10,10,0,0,0
"990","WAP","SH","M","SH_F_M",83,"Tulip",6,3,0,3,1,0,2,0
"991","WAP","SH","M","SH_F_M",83,"Tulip",7,2,0,0,1,0,2,0
"992","WAP","SH","M","SH_F_M",83,"Tulip",8,2,0,4,1,0,0,0
"993","WAP","SH","M","SH_F_M",83,"Tulip",9,2,0,1,0,0,2,0
"994","WAP","SH","M","SH_F_M",83,"Tulip",10,1,0,0,0,0,1,0
"995","WAP","SH","M","SH_F_M",83,"Tulip",11,1,0,0,0,0,0,1
"996","WAP","SH","M","SH_F_M",83,"Tulip",12,4,0,3,2,0,2,1
"997","WAP","SH","M","SH_F_M",84,"White Oak",1,1,0,9,0,0,0,0
"998","WAP","SH","M","SH_F_M",84,"White Oak",2,1,0,6,0,0,0,0
"999","WAP","SH","M","SH_F_M",84,"White Oak",3,2,0,9,2,0,0,0
"1000","WAP","SH","M","SH_F_M",84,"White Oak",4,2,0,9,0,0,2,0
"1001","WAP","SH","M","SH_F_M",84,"White Oak",5,2,0,9,0,0,1,0
"1002","WAP","SH","M","SH_F_M",84,"White Oak",6,2,0,7,1,0,0,0
"1003","WAP","SH","M","SH_F_M",84,"White Oak",7,2,0,9,3,0,0,0
"1004","WAP","SH","M","SH_F_M",84,"White Oak",8,3,0,8,2,0,1,0
"1005","WAP","SH","M","SH_F_M",84,"White Oak",9,1,0,5,0,0,0,0
"1006","WAP","SH","M","SH_F_M",84,"White Oak",10,3,0,7,1,0,2,0
"1007","WAP","SH","M","SH_F_M",84,"White Oak",11,2,0,9,0,0,1,0
"1008","WAP","SH","M","SH_F_M",84,"White Oak",12,2,0,8,1,0,0,0
"1009","WAP","SH","X","SH_F_X",85,"Hickory",1,1,0,0,0,0,2,0
"1010","WAP","SH","X","SH_F_X",85,"Hickory",2,1,0,0,0,0,3,0
"1011","WAP","SH","X","SH_F_X",85,"Hickory",3,0,0,0,0,0,0,0
"1012","WAP","SH","X","SH_F_X",85,"Hickory",4,1,0,0,0,0,2,0
"1013","WAP","SH","X","SH_F_X",85,"Hickory",5,1,0,0,0,0,2,0
"1014","WAP","SH","X","SH_F_X",85,"Hickory",6,1,0,0,0,0,2,0
"1015","WAP","SH","X","SH_F_X",85,"Hickory",7,2,0,0,0,0,1,1
"1016","WAP","SH","X","SH_F_X",85,"Hickory",8,1,0,0,0,0,2,0
"1017","WAP","SH","X","SH_F_X",85,"Hickory",9,1,0,0,0,0,1,0
"1018","WAP","SH","X","SH_F_X",85,"Hickory",10,3,0,0,1,0,1,1
"1019","WAP","SH","X","SH_F_X",85,"Hickory",11,2,0,0,0,0,2,1
"1020","WAP","SH","X","SH_F_X",85,"Hickory",12,1,0,0,0,0,0,1
"1021","WAP","SH","X","SH_F_X",86,"Maple",1,1,0,0,0,0,2,0
"1022","WAP","SH","X","SH_F_X",86,"Maple",2,1,0,0,0,0,5,0
"1023","WAP","SH","X","SH_F_X",86,"Maple",3,2,0,0,0,0,2,1
"1024","WAP","SH","X","SH_F_X",86,"Maple",4,1,0,0,0,0,2,0
"1025","WAP","SH","X","SH_F_X",86,"Maple",5,3,0,0,0,1,2,1
"1026","WAP","SH","X","SH_F_X",86,"Maple",6,2,0,0,0,0,1,3
"1027","WAP","SH","X","SH_F_X",86,"Maple",7,1,0,0,0,0,0,1
"1028","WAP","SH","X","SH_F_X",86,"Maple",8,1,0,0,0,0,1,0
"1029","WAP","SH","X","SH_F_X",86,"Maple",9,1,0,1,0,0,0,0
"1030","WAP","SH","X","SH_F_X",86,"Maple",10,1,0,0,0,0,3,0
"1031","WAP","SH","X","SH_F_X",86,"Maple",11,1,0,0,0,0,3,0
"1032","WAP","SH","X","SH_F_X",86,"Maple",12,0,0,0,0,0,0,0
"1033","WAP","SH","X","SH_F_X",87,"Red Oak",1,3,1,0,0,0,1,2
"1034","WAP","SH","X","SH_F_X",87,"Red Oak",2,3,0,2,0,0,1,2
"1035","WAP","SH","X","SH_F_X",87,"Red Oak",3,4,0,3,0,2,2,1
"1036","WAP","SH","X","SH_F_X",87,"Red Oak",4,1,0,0,0,0,0,4
"1037","WAP","SH","X","SH_F_X",87,"Red Oak",5,1,0,0,0,0,3,0
"1038","WAP","SH","X","SH_F_X",87,"Red Oak",6,2,0,2,0,0,3,0
"1039","WAP","SH","X","SH_F_X",87,"Red Oak",7,3,0,0,1,0,1,1
"1040","WAP","SH","X","SH_F_X",87,"Red Oak",8,3,0,1,0,1,2,0
"1041","WAP","SH","X","SH_F_X",87,"Red Oak",9,1,0,12,0,0,0,0
"1042","WAP","SH","X","SH_F_X",87,"Red Oak",10,1,0,0,0,0,0,1
"1043","WAP","SH","X","SH_F_X",87,"Red Oak",11,1,0,0,0,0,1,0
"1044","WAP","SH","X","SH_F_X",87,"Red Oak",12,2,0,0,0,1,1,0
"1045","WAP","SH","X","SH_F_X",88,"White Oak",1,1,0,0,0,0,0,4
"1046","WAP","SH","X","SH_F_X",88,"White Oak",2,5,0,7,3,1,1,2
"1047","WAP","SH","X","SH_F_X",88,"White Oak",3,3,0,6,0,0,1,2
"1048","WAP","SH","X","SH_F_X",88,"White Oak",4,3,0,1,1,0,1,0
"1049","WAP","SH","X","SH_F_X",88,"White Oak",5,3,0,2,0,0,4,5
"1050","WAP","SH","X","SH_F_X",88,"White Oak",6,3,0,0,0,1,1,1
"1051","WAP","SH","X","SH_F_X",88,"White Oak",7,4,0,1,0,2,2,5
"1052","WAP","SH","X","SH_F_X",88,"White Oak",8,4,0,6,2,0,4,3
"1053","WAP","SH","X","SH_F_X",88,"White Oak",9,1,0,0,0,0,0,2
"1054","WAP","SH","X","SH_F_X",88,"White Oak",10,3,0,1,0,0,3,1
"1055","WAP","SH","X","SH_F_X",88,"White Oak",11,2,0,0,0,0,1,2
"1056","WAP","SH","X","SH_F_X",88,"White Oak",12,0,0,0,0,0,0,0
"1057","WAP","SH","M","SH_N_M",89,"Beech",1,1,0,0,0,0,0,1
"1058","WAP","SH","M","SH_N_M",89,"Beech",2,1,0,0,0,0,0,1
"1059","WAP","SH","M","SH_N_M",89,"Beech",3,2,0,0,0,0,1,1
"1060","WAP","SH","M","SH_N_M",89,"Beech",4,1,0,0,0,0,1,0
"1061","WAP","SH","M","SH_N_M",89,"Beech",5,0,0,0,0,0,0,0
"1062","WAP","SH","M","SH_N_M",89,"Beech",6,0,0,0,0,0,0,0
"1063","WAP","SH","M","SH_N_M",89,"Beech",7,0,0,0,0,0,0,0
"1064","WAP","SH","M","SH_N_M",89,"Beech",8,0,0,0,0,0,0,0
"1065","WAP","SH","M","SH_N_M",89,"Beech",9,2,0,0,0,0,1,1
"1066","WAP","SH","M","SH_N_M",89,"Beech",10,0,0,0,0,0,0,0
"1067","WAP","SH","M","SH_N_M",89,"Beech",11,0,0,0,0,0,0,0
"1068","WAP","SH","M","SH_N_M",89,"Beech",12,1,0,0,0,0,1,0
"1069","WAP","SH","M","SH_N_M",90,"Tulip",1,0,0,0,0,0,0,0
"1070","WAP","SH","M","SH_N_M",90,"Tulip",2,1,0,1,0,0,0,0
"1071","WAP","SH","M","SH_N_M",90,"Tulip",3,0,0,0,0,0,0,0
"1072","WAP","SH","M","SH_N_M",90,"Tulip",4,0,0,0,0,0,0,0
"1073","WAP","SH","M","SH_N_M",90,"Tulip",5,0,0,0,0,0,0,0
"1074","WAP","SH","M","SH_N_M",90,"Tulip",6,0,0,0,0,0,0,0
"1075","WAP","SH","M","SH_N_M",90,"Tulip",7,0,0,0,0,0,0,0
"1076","WAP","SH","M","SH_N_M",90,"Tulip",8,1,0,0,0,1,0,0
"1077","WAP","SH","M","SH_N_M",90,"Tulip",9,0,0,0,0,0,0,0
"1078","WAP","SH","M","SH_N_M",90,"Tulip",10,0,0,0,0,0,0,0
"1079","WAP","SH","M","SH_N_M",90,"Tulip",11,1,0,0,0,0,0,1
"1080","WAP","SH","M","SH_N_M",90,"Tulip",12,0,0,0,0,0,0,0
"1081","WAP","SH","M","SH_N_M",91,"White Oak",1,2,0,2,0,0,1,0
"1082","WAP","SH","M","SH_N_M",91,"White Oak",2,2,0,5,0,1,0,0
"1083","WAP","SH","M","SH_N_M",91,"White Oak",3,1,0,1,0,0,0,0
"1084","WAP","SH","M","SH_N_M",91,"White Oak",4,1,0,2,0,0,0,0
"1085","WAP","SH","M","SH_N_M",91,"White Oak",5,2,0,3,0,0,1,0
"1086","WAP","SH","M","SH_N_M",91,"White Oak",6,1,0,1,0,0,0,0
"1087","WAP","SH","M","SH_N_M",91,"White Oak",7,1,0,1,0,0,0,0
"1088","WAP","SH","M","SH_N_M",91,"White Oak",8,1,0,0,0,0,1,0
"1089","WAP","SH","M","SH_N_M",91,"White Oak",9,1,0,1,0,0,0,0
"1090","WAP","SH","M","SH_N_M",91,"White Oak",10,1,0,6,0,0,0,0
"1091","WAP","SH","M","SH_N_M",91,"White Oak",11,1,0,1,0,0,0,0
"1092","WAP","SH","M","SH_N_M",91,"White Oak",12,1,0,3,0,0,0,0
"1093","WAP","SH","M","SH_N_M",92,"White Oak",1,1,0,0,0,0,0,2
"1094","WAP","SH","M","SH_N_M",92,"White Oak",2,4,0,7,4,0,1,1
"1095","WAP","SH","M","SH_N_M",92,"White Oak",3,3,0,2,0,0,1,1
"1096","WAP","SH","M","SH_N_M",92,"White Oak",4,3,0,2,0,0,1,2
"1097","WAP","SH","M","SH_N_M",92,"White Oak",5,1,0,1,0,0,0,0
"1098","WAP","SH","M","SH_N_M",92,"White Oak",6,2,0,1,1,0,0,0
"1099","WAP","SH","M","SH_N_M",92,"White Oak",7,0,0,0,0,0,0,0
"1100","WAP","SH","M","SH_N_M",92,"White Oak",8,1,0,2,0,0,0,0
"1101","WAP","SH","M","SH_N_M",92,"White Oak",9,0,0,0,0,0,0,0
"1102","WAP","SH","M","SH_N_M",92,"White Oak",10,1,0,2,0,0,0,0
"1103","WAP","SH","M","SH_N_M",92,"White Oak",11,0,0,0,0,0,0,0
"1104","WAP","SH","M","SH_N_M",92,"White Oak",12,1,0,2,0,0,0,0
"1105","WAP","SH","X","SH_N_X",93,"Hickory",1,1,0,5,0,0,0,0
"1106","WAP","SH","X","SH_N_X",93,"Hickory",2,2,0,2,0,0,1,0
"1107","WAP","SH","X","SH_N_X",93,"Hickory",3,1,0,0,0,0,2,0
"1108","WAP","SH","X","SH_N_X",93,"Hickory",4,1,0,0,0,0,2,0
"1109","WAP","SH","X","SH_N_X",93,"Hickory",5,1,0,3,0,0,0,0
"1110","WAP","SH","X","SH_N_X",93,"Hickory",6,1,0,4,0,0,0,0
"1111","WAP","SH","X","SH_N_X",93,"Hickory",7,2,0,1,0,0,2,0
"1112","WAP","SH","X","SH_N_X",93,"Hickory",8,3,0,1,1,0,1,0
"1113","WAP","SH","X","SH_N_X",93,"Hickory",9,2,0,3,0,0,4,0
"1114","WAP","SH","X","SH_N_X",93,"Hickory",10,3,0,2,5,0,3,0
"1115","WAP","SH","X","SH_N_X",93,"Hickory",11,3,0,4,2,0,1,0
"1116","WAP","SH","X","SH_N_X",93,"Hickory",12,3,0,1,0,0,1,1
"1117","WAP","SH","X","SH_N_X",94,"Maple",1,1,0,0,0,0,2,0
"1118","WAP","SH","X","SH_N_X",94,"Maple",2,0,0,0,0,0,0,0
"1119","WAP","SH","X","SH_N_X",94,"Maple",3,1,0,0,0,0,4,0
"1120","WAP","SH","X","SH_N_X",94,"Maple",4,1,0,0,0,0,0,1
"1121","WAP","SH","X","SH_N_X",94,"Maple",5,1,0,0,0,0,2,0
"1122","WAP","SH","X","SH_N_X",94,"Maple",6,1,0,0,0,0,1,0
"1123","WAP","SH","X","SH_N_X",94,"Maple",7,1,0,0,0,1,0,0
"1124","WAP","SH","X","SH_N_X",94,"Maple",8,0,0,0,0,0,0,0
"1125","WAP","SH","X","SH_N_X",94,"Maple",9,2,0,0,0,0,2,1
"1126","WAP","SH","X","SH_N_X",94,"Maple",10,2,0,0,0,0,2,1
"1127","WAP","SH","X","SH_N_X",94,"Maple",11,1,0,0,0,0,0,3
"1128","WAP","SH","X","SH_N_X",94,"Maple",12,2,0,0,1,0,1,0
"1129","WAP","SH","X","SH_N_X",95,"Red Oak",1,2,0,5,0,0,1,0
"1130","WAP","SH","X","SH_N_X",95,"Red Oak",2,2,0,4,0,0,0,2
"1131","WAP","SH","X","SH_N_X",95,"Red Oak",3,1,0,0,0,0,0,1
"1132","WAP","SH","X","SH_N_X",95,"Red Oak",4,2,0,1,0,0,2,0
"1133","WAP","SH","X","SH_N_X",95,"Red Oak",5,3,0,3,0,0,3,1
"1134","WAP","SH","X","SH_N_X",95,"Red Oak",6,2,0,5,0,0,0,2
"1135","WAP","SH","X","SH_N_X",95,"Red Oak",7,2,0,4,0,0,2,0
"1136","WAP","SH","X","SH_N_X",95,"Red Oak",8,1,0,16,0,0,0,0
"1137","WAP","SH","X","SH_N_X",95,"Red Oak",9,1,0,2,0,0,0,0
"1138","WAP","SH","X","SH_N_X",95,"Red Oak",10,3,0,14,0,0,2,1
"1139","WAP","SH","X","SH_N_X",95,"Red Oak",11,3,0,5,0,0,1,1
"1140","WAP","SH","X","SH_N_X",95,"Red Oak",12,2,0,8,0,0,1,0
"1141","WAP","SH","X","SH_N_X",96,"White Oak",1,2,0,1,0,0,1,0
"1142","WAP","SH","X","SH_N_X",96,"White Oak",2,1,0,0,0,0,4,0
"1143","WAP","SH","X","SH_N_X",96,"White Oak",3,1,0,2,0,0,0,0
"1144","WAP","SH","X","SH_N_X",96,"White Oak",4,0,0,0,0,0,0,0
"1145","WAP","SH","X","SH_N_X",96,"White Oak",5,1,0,0,0,0,2,0
"1146","WAP","SH","X","SH_N_X",96,"White Oak",6,3,0,1,0,0,1,1
"1147","WAP","SH","X","SH_N_X",96,"White Oak",7,2,0,0,1,0,1,0
"1148","WAP","SH","X","SH_N_X",96,"White Oak",8,1,0,0,0,0,1,0
"1149","WAP","SH","X","SH_N_X",96,"White Oak",9,2,1,1,0,0,0,0
"1150","WAP","SH","X","SH_N_X",96,"White Oak",10,1,0,0,0,0,1,0
"1151","WAP","SH","X","SH_N_X",96,"White Oak",11,1,0,0,0,0,1,0
"1152","WAP","SH","X","SH_N_X",96,"White Oak",12,2,0,3,0,0,3,0
